-- MariaDB dump 10.19  Distrib 10.6.13-MariaDB, for debian-linux-gnu (x86_64)
--
-- Host: localhost    Database: cdsac_b03
-- ------------------------------------------------------
-- Server version	10.6.13-MariaDB-1:10.6.13+maria~deb10

/*!40101 SET @OLD_CHARACTER_SET_CLIENT=@@CHARACTER_SET_CLIENT */;
/*!40101 SET @OLD_CHARACTER_SET_RESULTS=@@CHARACTER_SET_RESULTS */;
/*!40101 SET @OLD_COLLATION_CONNECTION=@@COLLATION_CONNECTION */;
/*!40101 SET NAMES utf8mb4 */;
/*!40103 SET @OLD_TIME_ZONE=@@TIME_ZONE */;
/*!40103 SET TIME_ZONE='+00:00' */;
/*!40014 SET @OLD_UNIQUE_CHECKS=@@UNIQUE_CHECKS, UNIQUE_CHECKS=0 */;
/*!40014 SET @OLD_FOREIGN_KEY_CHECKS=@@FOREIGN_KEY_CHECKS, FOREIGN_KEY_CHECKS=0 */;
/*!40101 SET @OLD_SQL_MODE=@@SQL_MODE, SQL_MODE='NO_AUTO_VALUE_ON_ZERO' */;
/*!40111 SET @OLD_SQL_NOTES=@@SQL_NOTES, SQL_NOTES=0 */;

--
-- Table structure for table `access_profiles`
--

DROP TABLE IF EXISTS `access_profiles`;
/*!40101 SET @saved_cs_client     = @@character_set_client */;
/*!40101 SET character_set_client = utf8 */;
CREATE TABLE `access_profiles` (
  `Id` bigint(20) NOT NULL AUTO_INCREMENT,
  `Name` varchar(40) DEFAULT NULL,
  `Type` varchar(2) DEFAULT NULL COMMENT 'Tipo de perfil :\nSpot, Model, Rol, Personal, Temporal',
  `Status` int(11) DEFAULT 1,
  PRIMARY KEY (`Id`),
  UNIQUE KEY `Id_UNIQUE` (`Id`)
) ENGINE=InnoDB AUTO_INCREMENT=14 DEFAULT CHARSET=latin1 COLLATE=latin1_swedish_ci;
/*!40101 SET character_set_client = @saved_cs_client */;

--
-- Dumping data for table `access_profiles`
--

LOCK TABLES `access_profiles` WRITE;
/*!40000 ALTER TABLE `access_profiles` DISABLE KEYS */;
INSERT INTO `access_profiles` VALUES (11,'SuPato-Accesos','1',1),(12,'spotSuPatoLobby','0',1),(13,'SpotAreaDeEsclavos','0',1);
/*!40000 ALTER TABLE `access_profiles` ENABLE KEYS */;
UNLOCK TABLES;

--
-- Table structure for table `access_profiles_spots`
--

DROP TABLE IF EXISTS `access_profiles_spots`;
/*!40101 SET @saved_cs_client     = @@character_set_client */;
/*!40101 SET character_set_client = utf8 */;
CREATE TABLE `access_profiles_spots` (
  `id` int(11) NOT NULL AUTO_INCREMENT,
  `idSpot` bigint(20) DEFAULT NULL,
  `idAccessProfile` bigint(20) DEFAULT NULL,
  PRIMARY KEY (`id`),
  UNIQUE KEY `id_UNIQUE` (`id`),
  KEY `FK_access_profiles_spots_spots_idx` (`idSpot`),
  KEY `FK_access_profiles_spots_access_profiles_idx` (`idAccessProfile`),
  CONSTRAINT `FK_access_profiles_spots_access_profiles` FOREIGN KEY (`idAccessProfile`) REFERENCES `access_profiles` (`Id`) ON DELETE NO ACTION ON UPDATE NO ACTION,
  CONSTRAINT `FK_access_profiles_spots_spots` FOREIGN KEY (`idSpot`) REFERENCES `spots` (`Id`) ON DELETE NO ACTION ON UPDATE NO ACTION
) ENGINE=InnoDB AUTO_INCREMENT=3 DEFAULT CHARSET=latin1 COLLATE=latin1_swedish_ci;
/*!40101 SET character_set_client = @saved_cs_client */;

--
-- Dumping data for table `access_profiles_spots`
--

LOCK TABLES `access_profiles_spots` WRITE;
/*!40000 ALTER TABLE `access_profiles_spots` DISABLE KEYS */;
INSERT INTO `access_profiles_spots` VALUES (1,122,11),(2,123,11);
/*!40000 ALTER TABLE `access_profiles_spots` ENABLE KEYS */;
UNLOCK TABLES;

--
-- Table structure for table `access_schedules`
--

DROP TABLE IF EXISTS `access_schedules`;
/*!40101 SET @saved_cs_client     = @@character_set_client */;
/*!40101 SET character_set_client = utf8 */;
CREATE TABLE `access_schedules` (
  `Id` bigint(20) NOT NULL AUTO_INCREMENT,
  `IdAccessProfile` bigint(20) DEFAULT NULL,
  `IdGateway` bigint(20) DEFAULT NULL,
  `Days` varchar(7) DEFAULT NULL,
  `startDate` datetime DEFAULT NULL,
  `endDate` datetime DEFAULT NULL,
  `Status` int(11) DEFAULT 1,
  PRIMARY KEY (`Id`),
  UNIQUE KEY `Id_UNIQUE` (`Id`),
  KEY `FK_accessschedules_accessprofiles_idx` (`IdAccessProfile`),
  KEY `FK_accessschedules_gateways_idx` (`IdGateway`),
  CONSTRAINT `FK_accessschedules_accessprofiles` FOREIGN KEY (`IdAccessProfile`) REFERENCES `access_profiles` (`Id`) ON DELETE NO ACTION ON UPDATE NO ACTION,
  CONSTRAINT `FK_accessschedules_gateways` FOREIGN KEY (`IdGateway`) REFERENCES `gateways` (`Id`) ON DELETE NO ACTION ON UPDATE NO ACTION
) ENGINE=InnoDB AUTO_INCREMENT=224 DEFAULT CHARSET=latin1 COLLATE=latin1_swedish_ci;
/*!40101 SET character_set_client = @saved_cs_client */;

--
-- Dumping data for table `access_schedules`
--

LOCK TABLES `access_schedules` WRITE;
/*!40000 ALTER TABLE `access_schedules` DISABLE KEYS */;
INSERT INTO `access_schedules` VALUES (39,12,8,'1','2023-03-08 13:30:00','2023-03-08 14:00:00',1),(40,13,11,'2','2023-03-08 12:30:00','2023-03-08 13:00:00',1),(41,13,12,'2','2023-03-08 18:00:00','2023-03-08 18:30:00',1),(199,11,8,'0','2023-05-05 08:00:00','2023-05-05 09:00:00',1),(200,11,9,'0','2023-05-05 08:00:00','2023-05-05 08:30:00',1),(201,11,9,'0','2023-05-05 08:00:00','2023-05-05 08:30:00',1),(202,11,11,'0','2023-05-05 09:30:00','2023-05-05 10:00:00',1),(203,11,8,'0','2023-05-05 10:30:00','2023-05-05 12:00:00',1),(204,11,11,'0','2023-05-05 11:30:00','2023-05-05 13:00:00',1),(205,11,10,'0','2023-05-05 12:30:00','2023-05-05 13:00:00',1),(206,11,10,'0','2023-05-05 12:30:00','2023-05-05 13:00:00',1),(207,11,8,'0','2023-05-05 16:00:00','2023-05-05 23:30:00',1),(208,11,8,'1','2023-05-05 08:00:00','2023-05-05 10:00:00',1),(209,11,11,'1','2023-05-05 09:30:00','2023-05-05 10:00:00',1),(210,11,8,'1','2023-05-05 10:30:00','2023-05-05 12:00:00',1),(211,11,11,'1','2023-05-05 11:30:00','2023-05-05 13:00:00',1),(212,11,8,'1','2023-05-05 16:00:00','2023-05-05 23:30:00',1),(213,11,8,'2','2023-05-05 08:00:00','2023-05-05 10:00:00',1),(214,11,11,'2','2023-05-05 09:30:00','2023-05-05 10:30:00',1),(215,11,8,'2','2023-05-05 11:00:00','2023-05-05 12:00:00',1),(216,11,11,'2','2023-05-05 11:30:00','2023-05-05 13:00:00',1),(217,11,8,'2','2023-05-05 16:00:00','2023-05-05 23:30:00',1),(218,11,8,'3','2023-05-05 08:00:00','2023-05-05 09:30:00',1),(219,11,8,'3','2023-05-05 16:00:00','2023-05-05 23:30:00',1),(220,11,8,'4','2023-05-05 08:00:00','2023-05-05 09:30:00',1),(221,11,8,'4','2023-05-05 16:00:00','2023-05-05 23:30:00',1),(222,11,8,'5','2023-05-05 16:00:00','2023-05-05 23:30:00',1),(223,11,8,'6','2023-05-05 16:00:00','2023-05-05 23:30:00',1);
/*!40000 ALTER TABLE `access_schedules` ENABLE KEYS */;
UNLOCK TABLES;

--
-- Table structure for table `alert_types`
--

DROP TABLE IF EXISTS `alert_types`;
/*!40101 SET @saved_cs_client     = @@character_set_client */;
/*!40101 SET character_set_client = utf8 */;
CREATE TABLE `alert_types` (
  `Id` bigint(20) NOT NULL AUTO_INCREMENT COMMENT 'Identificador del registro',
  `Name` varchar(45) NOT NULL COMMENT 'Nombre del tipo de alerta',
  `Description` varchar(150) DEFAULT NULL COMMENT 'Descripción relacionada al tipo de alerta',
  `Priority` tinyint(4) DEFAULT NULL COMMENT '1=Urgente\n2=Preventivo\n3=Informativo',
  PRIMARY KEY (`Id`)
) ENGINE=InnoDB AUTO_INCREMENT=108 DEFAULT CHARSET=utf8mb3 COLLATE=utf8mb3_general_ci;
/*!40101 SET character_set_client = @saved_cs_client */;

--
-- Dumping data for table `alert_types`
--

LOCK TABLES `alert_types` WRITE;
/*!40000 ALTER TABLE `alert_types` DISABLE KEYS */;
/*!40000 ALTER TABLE `alert_types` ENABLE KEYS */;
UNLOCK TABLES;

--
-- Table structure for table `alerts`
--

DROP TABLE IF EXISTS `alerts`;
/*!40101 SET @saved_cs_client     = @@character_set_client */;
/*!40101 SET character_set_client = utf8 */;
CREATE TABLE `alerts` (
  `Id` bigint(20) NOT NULL AUTO_INCREMENT COMMENT 'Identificador de la alerta.',
  `IdType` bigint(20) DEFAULT NULL COMMENT 'Identificador del tipo de alerta',
  `Incident_Message` varchar(128) DEFAULT NULL COMMENT 'Mensaje complementario de la alerta',
  `Annotations` varchar(512) DEFAULT NULL COMMENT 'Anotaciones de la atención dada a la alerta',
  `Status` int(1) DEFAULT NULL COMMENT 'Estado en el que se encuentra.\\nLista de opciones para StatusType:\\n\\n	0 = Inactivo\\n	1 = Activo\\n',
  `RelationId` bigint(20) DEFAULT NULL COMMENT 'Id de evento asociado en caso de existir',
  PRIMARY KEY (`Id`),
  KEY `fk_alerts_Alerts_Types_idx` (`IdType`),
  CONSTRAINT `fk_alerts_Alert_Types` FOREIGN KEY (`IdType`) REFERENCES `alert_types` (`Id`) ON DELETE NO ACTION ON UPDATE NO ACTION
) ENGINE=InnoDB DEFAULT CHARSET=utf8mb3 COLLATE=utf8mb3_general_ci COMMENT='Tabla del registro de alertas';
/*!40101 SET character_set_client = @saved_cs_client */;

--
-- Dumping data for table `alerts`
--

LOCK TABLES `alerts` WRITE;
/*!40000 ALTER TABLE `alerts` DISABLE KEYS */;
/*!40000 ALTER TABLE `alerts` ENABLE KEYS */;
UNLOCK TABLES;

--
-- Table structure for table `amounts`
--

DROP TABLE IF EXISTS `amounts`;
/*!40101 SET @saved_cs_client     = @@character_set_client */;
/*!40101 SET character_set_client = utf8 */;
CREATE TABLE `amounts` (
  `Id` bigint(20) NOT NULL AUTO_INCREMENT COMMENT 'Identificador de la tabla',
  `IdEvent` bigint(20) DEFAULT NULL COMMENT 'Identificador del evento que lo generó',
  `IdConcept` bigint(20) DEFAULT NULL COMMENT 'Identificador del concepto cobrado',
  `Quantity` float DEFAULT NULL COMMENT 'Cantidad de tiempo.',
  `TotalAmount` float DEFAULT NULL COMMENT 'Monto total',
  `AmountType` varchar(5) DEFAULT NULL COMMENT 'Tipo de pago:\\nEfectivo\\nTarjeta\\nMonedero',
  `Notes` varchar(50) DEFAULT NULL COMMENT 'Observacion',
  `LocalFolio` bigint(20) DEFAULT NULL COMMENT 'Folio con respecto a la terminal',
  `GlobalFolio` bigint(20) DEFAULT NULL COMMENT 'Folio consecutivo general',
  `Status` int(11) DEFAULT 1,
  PRIMARY KEY (`Id`),
  UNIQUE KEY `Id_UNIQUE` (`Id`),
  KEY `FK_amounts_events_idx` (`IdEvent`),
  KEY `FK_amounts_concepts_idx` (`IdConcept`),
  CONSTRAINT `FK_amounts_concepts` FOREIGN KEY (`IdConcept`) REFERENCES `concepts` (`Id`) ON DELETE NO ACTION ON UPDATE NO ACTION,
  CONSTRAINT `FK_amounts_events` FOREIGN KEY (`IdEvent`) REFERENCES `events` (`Id`) ON DELETE NO ACTION ON UPDATE NO ACTION
) ENGINE=InnoDB DEFAULT CHARSET=utf8mb3 COLLATE=utf8mb3_general_ci COMMENT='Tabla de pagos realizados';
/*!40101 SET character_set_client = @saved_cs_client */;

--
-- Dumping data for table `amounts`
--

LOCK TABLES `amounts` WRITE;
/*!40000 ALTER TABLE `amounts` DISABLE KEYS */;
/*!40000 ALTER TABLE `amounts` ENABLE KEYS */;
UNLOCK TABLES;

--
-- Table structure for table `app_access`
--

DROP TABLE IF EXISTS `app_access`;
/*!40101 SET @saved_cs_client     = @@character_set_client */;
/*!40101 SET character_set_client = utf8 */;
CREATE TABLE `app_access` (
  `Id` bigint(20) NOT NULL AUTO_INCREMENT,
  `UserName` varchar(45) DEFAULT NULL,
  `Password` varchar(255) DEFAULT NULL,
  `AppName` varchar(25) DEFAULT NULL,
  `CreationDate` datetime DEFAULT current_timestamp(),
  `Status` int(11) DEFAULT NULL,
  PRIMARY KEY (`Id`),
  UNIQUE KEY `Id_UNIQUE` (`Id`)
) ENGINE=InnoDB AUTO_INCREMENT=3 DEFAULT CHARSET=latin1 COLLATE=latin1_swedish_ci;
/*!40101 SET character_set_client = @saved_cs_client */;

--
-- Dumping data for table `app_access`
--

LOCK TABLES `app_access` WRITE;
/*!40000 ALTER TABLE `app_access` DISABLE KEYS */;
INSERT INTO `app_access` VALUES (1,'admin','admin','Invitados','2023-02-22 17:46:56',1),(2,'admin','admin','Snacks','2023-02-22 13:00:00',1);
/*!40000 ALTER TABLE `app_access` ENABLE KEYS */;
UNLOCK TABLES;

--
-- Table structure for table `codes`
--

DROP TABLE IF EXISTS `codes`;
/*!40101 SET @saved_cs_client     = @@character_set_client */;
/*!40101 SET character_set_client = utf8 */;
CREATE TABLE `codes` (
  `Id` bigint(20) NOT NULL AUTO_INCREMENT COMMENT 'Identificador del código.',
  `CreationDate` datetime DEFAULT current_timestamp() COMMENT 'Fecha en la que se registró/creó el código.',
  `Code` varchar(40) DEFAULT NULL COMMENT 'Código real.',
  `Status` int(11) DEFAULT 1,
  `ShortCode` varchar(100) DEFAULT NULL,
  PRIMARY KEY (`Id`),
  UNIQUE KEY `Id_UNIQUE` (`Id`),
  UNIQUE KEY `Code_UNIQUE` (`Code`)
) ENGINE=InnoDB AUTO_INCREMENT=630 DEFAULT CHARSET=utf8mb3 COLLATE=utf8mb3_general_ci COMMENT='Tabla que guarda los códigos que se encuentran registrados o emitidos desde el sistema (acceso, descuento, pensiones, convenios, ...).';
/*!40101 SET character_set_client = @saved_cs_client */;

--
-- Dumping data for table `codes`
--

LOCK TABLES `codes` WRITE;
/*!40000 ALTER TABLE `codes` DISABLE KEYS */;
INSERT INTO `codes` VALUES (145,'2023-03-08 17:27:37','FMS2101',1,NULL),(146,'2023-03-08 17:58:46','HLH2101',1,NULL),(147,'2023-03-08 12:18:17','230000308181700001',0,NULL),(148,'2023-03-08 12:47:10','230000308184600001',0,NULL),(149,'2023-03-08 12:47:10','230000308184600011',0,NULL),(150,'2023-03-08 12:47:10','230000308184600012',0,NULL),(151,'2023-03-08 12:47:10','230000308184600013',0,NULL),(152,'2023-03-08 12:47:10','230000308184600014',0,NULL),(153,'2023-03-08 16:40:43','230000308224000001',0,NULL),(154,'2023-03-08 12:47:10','230000308184600024',0,NULL),(155,'2023-03-08 17:03:55','230000308230300001',0,NULL),(156,'2023-03-08 17:12:57','230000308231100001',0,NULL),(157,'2023-03-08 17:14:29','230000308231400001',0,NULL),(158,'2023-03-08 17:18:58','230000308231800001',0,NULL),(159,'2023-03-09 12:00:00','230000309183300001',0,NULL),(160,'2023-03-09 12:00:00','230000309184100001',0,NULL),(161,'2023-03-09 12:00:00','230000309183300002',0,NULL),(162,'2023-03-21 14:50:59','230140309192080000',0,NULL),(163,'2023-03-21 14:50:59','230140309192380000',0,NULL),(164,'2023-03-21 14:50:59','230120309193012000',0,NULL),(165,'2023-03-11 12:00:00','230000309193600001',0,NULL),(166,'2023-03-21 14:50:59','230120309193812000',0,NULL),(167,'2023-03-17 12:39:00','230000309193900001',0,NULL),(168,'2023-03-21 14:50:59','230120309193912000',0,NULL),(169,'2023-03-10 12:00:00','230000309175600001',0,NULL),(170,'2023-03-15 23:20:00','230000309194500001',0,NULL),(171,'2023-03-24 13:55:00','230000309195500001',0,NULL),(172,'2023-03-23 15:57:00','230000309195700001',0,NULL),(173,'2023-03-24 16:58:00','230000309195800001',0,NULL),(174,'2023-03-18 15:01:00','230000309200100001',0,NULL),(175,'2023-03-23 16:02:00','230000309200200001',0,NULL),(176,'2023-03-31 16:03:00','230000309200300001',0,NULL),(177,'2023-03-16 16:06:00','230000309200600001',0,NULL),(178,'2023-03-17 14:07:00','230000309200700001',0,NULL),(179,'2023-03-10 12:00:00','230140309201891200',0,NULL),(180,'2023-03-10 12:00:00','230140309202191200',0,NULL),(181,'2023-03-10 12:00:00','230140309202491200',0,NULL),(182,'2023-03-10 12:00:00','230140309203891200',0,NULL),(183,'2023-03-10 12:00:00','230140309203991200',0,NULL),(184,'2023-03-10 12:00:00','230140309204299120',0,NULL),(185,'2023-03-21 14:50:59','230020302171820000',0,NULL),(186,'2023-03-21 14:50:59','230020302171820011',0,NULL),(187,'2023-03-21 14:50:59','230020302171820012',0,NULL),(188,'2023-03-21 14:50:59','230020302171820014',0,NULL),(189,'2023-03-21 14:50:59','230020302171820015',0,NULL),(190,'2023-03-21 14:50:59','230020302171820016',0,NULL),(191,'2023-03-12 22:54:00','230000309215300001',0,NULL),(192,'2023-03-21 14:50:59','230020302171820017',0,NULL),(193,'2023-03-14 20:56:00','230000309215500001',0,NULL),(194,'2023-03-21 14:50:59','230020302171820018',0,NULL),(195,'2023-03-21 14:50:59','230020302171820019',0,NULL),(196,'2023-03-21 14:50:59','230020302171820020',0,NULL),(197,'2023-03-10 16:00:00','230000309220000001',0,NULL),(198,'2023-03-20 16:02:00','230000309220200001',0,NULL),(199,'2023-03-17 16:06:00','230000309220600001',0,NULL),(200,'2023-03-23 19:07:00','230000309220700001',0,NULL),(201,'2023-03-10 16:08:00','230000309220800001',0,NULL),(202,'2023-03-14 16:10:00','230000309221000001',0,NULL),(203,'2023-03-24 16:13:00','230000309221300001',0,NULL),(204,'2023-03-09 14:20:00','230000309221900001',0,NULL),(205,'2023-03-10 20:21:00','230000309222100001',0,NULL),(206,'2023-03-10 16:00:00','230000309222200001',0,NULL),(207,'2023-03-29 19:24:00','230000309222400001',0,NULL),(208,'2023-03-13 16:30:00','230000309223000001',0,NULL),(209,'2023-03-09 16:39:00','230000309223900001',0,NULL),(210,'2023-03-16 16:42:00','230000309224100001',0,NULL),(211,'2023-03-09 16:47:00','230000309224700001',0,NULL),(212,'2023-03-09 16:48:00','230000309224800001',0,NULL),(213,'2023-03-23 16:50:00','230000309225000001',0,NULL),(214,'2023-03-09 16:51:00','230000309225100001',0,NULL),(215,'2023-03-09 16:54:00','230000309225400001',0,NULL),(216,'2023-03-09 17:07:00','230000309230600001',0,NULL),(217,'2023-03-09 17:07:00','230000309230700001',0,NULL),(218,'2023-03-09 17:09:00','230000309230900001',0,NULL),(219,'2023-03-09 17:11:00','230000309231100001',0,NULL),(220,'2023-03-10 17:17:00','230000309231700001',0,NULL),(221,'2023-03-09 17:20:00','230000309232000001',0,NULL),(222,'2023-03-09 17:21:00','230000309232100001',0,NULL),(223,'2023-03-09 17:23:00','230000309232300001',0,NULL),(224,'2023-03-09 17:24:00','230000309232400001',0,NULL),(225,'2023-03-10 08:24:00','230000310142400001',0,NULL),(226,'2023-03-10 08:25:00','230000310142500001',0,NULL),(227,'2023-03-17 08:27:00','230000310142700001',0,NULL),(228,'2023-03-10 08:28:00','230000310142800001',0,NULL),(229,'2023-03-10 08:34:00','230000310143400001',0,NULL),(230,'2023-03-10 08:35:00','230000310143500001',0,NULL),(231,'2023-03-10 11:15:48','23000031017151800001',0,NULL),(232,'2023-03-08 12:47:10','230000308184600021',0,NULL),(233,'2023-03-10 11:27:10','23000031017264700001',0,NULL),(234,'2023-03-08 12:47:10','230000308184600031',0,NULL),(235,'2023-03-08 12:47:10','230000308184600041',0,NULL),(236,'2023-03-11 12:59:00','23000031018593200001',0,NULL),(237,'2023-03-16 12:00:00','23000031020091800001',0,NULL),(238,'2023-03-10 15:54:00','23000031021542000001',0,NULL),(239,'2023-03-10 15:55:00','23000031021545900001',0,NULL),(240,'2023-03-10 15:56:00',NULL,0,NULL),(241,'2023-03-11 15:58:00','23000031021585100001',0,NULL),(242,'2023-03-08 12:47:10','230000308184600301',0,NULL),(243,'2023-03-08 12:47:10','230000308183600301',0,NULL),(244,'2023-03-13 09:06:52','23000031315063600001',0,NULL),(245,'2023-03-08 12:47:10','230000308183700301',0,NULL),(246,'2023-03-08 12:47:10','230000308183701301',0,NULL),(247,'2023-03-08 12:47:10','230001308183701301',0,NULL),(248,'2023-03-08 12:47:10','230011308183701301',0,NULL),(249,'2023-03-08 12:47:10','250111308183701301',0,NULL),(250,'2023-03-08 12:47:10','260111308183701301',0,NULL),(251,'2023-03-08 12:47:10','260111308183801301',0,NULL),(252,'2023-03-13 16:36:53','23014031316362599120',1,NULL),(253,'2023-03-13 16:40:01','23014031316393899120',1,NULL),(254,'2023-03-13 16:57:51','23014031316572199120',1,NULL),(255,'2023-03-08 12:47:10','260112308183801301',0,NULL),(256,'2023-03-08 12:47:10','260142308183801301',0,NULL),(257,'2023-03-08 12:47:10','360142308183801301',0,NULL),(258,'2023-03-08 12:47:10','360141308183801301',0,NULL),(259,'2023-03-08 12:47:10','360141308183801801',0,NULL),(260,'2023-03-08 12:47:10','360941308183801801',0,NULL),(261,'2023-03-08 12:47:10','250111308143701301',0,NULL),(262,'2023-03-08 12:47:10','250111302143701301',0,NULL),(263,'2023-03-08 12:47:10','250111308183705301',0,NULL),(264,'2023-03-08 12:47:10','250117308183705301',0,NULL),(265,'2023-03-08 12:47:10','250417308183705301',0,NULL),(266,'2023-03-08 12:47:10','250417308183705307',0,NULL),(267,'2023-03-08 12:47:10','250417308183705357',0,NULL),(268,'2023-03-08 12:47:10','350417308183705357',0,NULL),(269,'2023-03-08 12:47:10','350417308183705457',0,NULL),(270,'2023-03-08 12:47:10','350487308183705457',0,NULL),(271,'2023-03-08 12:47:10','350487308183705757',0,NULL),(272,'2023-03-08 12:47:10','350487308183805757',0,NULL),(273,'2023-03-08 12:47:10','350487308183805157',0,NULL),(274,'2023-03-13 09:06:52','23000031315063690001',0,NULL),(275,'2023-03-13 09:06:52','23000031715063690001',0,NULL),(276,'2023-03-08 12:47:10','350487308133805157',0,NULL),(277,'2023-03-08 12:47:10','350487308133807157',0,NULL),(278,'2023-03-08 12:47:10','350487308133847157',0,NULL),(279,'2023-03-08 12:47:10','350487308133847757',0,NULL),(280,'2023-03-08 12:47:10','350487308133846757',0,NULL),(281,'2023-03-08 12:47:10','350487308133846787',0,NULL),(282,'2023-03-08 12:47:10','350487308133846717',0,NULL),(283,'2023-03-08 12:47:10','350488308133846717',0,NULL),(284,'2023-03-08 12:47:10','350488308833846717',0,NULL),(285,'2023-03-13 12:52:21','23000031318521500001',0,NULL),(286,'2023-03-08 12:47:10','350488308833846711',0,NULL),(287,'2023-03-08 12:47:10','351488308833846711',0,NULL),(288,'2023-03-08 12:47:10','351488308833846712',0,NULL),(289,'2023-03-08 12:47:10','351488308833846713',0,NULL),(290,'2023-03-08 12:47:10','35148830883384671',0,NULL),(291,'2023-03-08 12:47:10','3514883088338467',0,NULL),(292,'2023-03-08 12:47:10','3514883088338468',0,NULL),(293,'2023-03-08 12:47:10','3514883088338469',0,NULL),(294,'2023-03-08 12:47:10','3514883088338470',0,NULL),(295,'2023-03-08 12:47:10','3514883088338471',0,NULL),(296,'2023-03-08 12:47:10','3514883788338471',0,NULL),(297,'2023-03-08 12:47:10','4514883788338471',0,NULL),(298,'2023-03-08 12:47:10','4514884788338471',0,NULL),(299,'2023-03-08 12:47:10','4514884788332471',0,NULL),(300,'2023-03-08 12:47:10','4514884788332472',0,NULL),(301,'2023-03-08 12:47:10','4514884788332473',0,NULL),(302,'2023-03-08 12:47:10','4514884788332474',0,NULL),(303,'2023-03-08 12:47:10','4514884788332475',0,NULL),(304,'2023-03-08 12:47:10','4514884788332476',0,NULL),(305,'2023-03-08 12:47:10','4514884788332477',0,NULL),(306,'2023-03-08 12:47:10','4514884788332478',0,NULL),(307,'2023-03-08 12:47:10','4514884788332479',0,NULL),(308,'2023-03-08 12:47:10','4514884788332480',0,NULL),(309,'2023-03-08 12:47:10','4514884788332481',0,NULL),(310,'2023-03-08 12:47:10','4514884788332482',0,NULL),(311,'2023-03-08 12:47:10','4514884788332483',0,NULL),(312,'2023-03-08 12:47:10','4514884788332484',0,NULL),(313,'2023-03-08 12:47:10','4514884788332485',0,NULL),(314,'2023-03-08 12:47:10','4514884788332486',0,NULL),(315,'2023-03-08 12:47:10','4514884788332487',0,NULL),(316,'2023-03-08 12:47:10','4514884788332488',0,NULL),(317,'2023-03-13 16:20:34','23000031322202800001',0,NULL),(318,'2023-03-13 16:23:26','23000031322230800001',0,NULL),(319,'2023-03-13 16:36:08','23000031322354800001',0,NULL),(320,'2023-03-13 21:57:33','23000031414201300001',0,NULL),(321,'2023-03-13 22:12:03','23000031414342400001',0,NULL),(322,'2023-03-08 12:47:10','210111308183701302',0,NULL),(323,'2023-03-13 22:19:34','23000031414412400001',0,NULL),(324,'2023-03-08 12:47:10','210111308183701303',0,NULL),(325,'2023-03-14 00:20:54','23000031416415600001',0,NULL),(326,'2023-03-14 01:05:54','23000031417282600001',0,NULL),(327,'2023-03-14 01:08:49','23000031417302100001',0,NULL),(328,'2023-03-14 01:13:30','23000031417355900001',0,NULL),(329,'2023-03-14 01:15:44','23000031417381800001',0,NULL),(330,'2023-03-14 01:20:07','23000031417424000001',0,NULL),(331,'2023-03-08 12:47:10','210111308183701304',0,NULL),(332,'2023-03-08 12:47:10','210111308183701305',0,NULL),(333,'2023-03-08 12:47:10','210111308183701306',0,NULL),(334,'2023-03-14 01:32:44','23000031417551900001',0,NULL),(335,'2023-03-14 01:32:44','23000031417551900002',0,NULL),(336,'2023-03-14 01:32:44','23000031417551900003',0,NULL),(337,'2023-03-14 01:32:44','23000031417551900004',0,NULL),(338,'2023-03-14 01:32:44','23000031417551900006',0,NULL),(339,'2023-03-14 01:32:44','23000031417551900007',0,NULL),(340,'2023-03-14 01:32:44','23000031417551900008',0,NULL),(341,'2023-03-14 01:32:44','23000031417551900009',0,NULL),(342,'2023-03-14 01:32:44','23000031417551900010',0,NULL),(343,'2023-03-14 01:32:44','23000031417551900011',0,NULL),(344,'2023-03-14 01:32:44','23000031417551900012',0,NULL),(345,'2023-03-14 01:32:44','23000031417551900013',0,NULL),(346,'2023-03-14 01:32:44','23000031417551900014',0,NULL),(347,'2023-03-14 01:32:44','23000031417551900015',0,NULL),(348,'2023-03-14 01:32:44','23000031417551900016',0,NULL),(349,'2023-03-14 01:32:44','23000031417551900017',0,NULL),(350,'2023-03-14 01:32:44','23000031417551900018',0,NULL),(351,'2023-03-14 01:32:44','23000031417551900019',0,NULL),(352,'2023-03-14 01:32:44','23000031417551900020',0,NULL),(353,'2023-03-14 01:32:44','23000031417551900021',0,NULL),(354,'2023-03-14 01:32:44','23000031417551900022',0,NULL),(355,'2023-03-14 01:32:44','23000031417551900023',0,NULL),(356,'2023-03-14 01:32:44','23000031417551900024',0,NULL),(357,'2023-03-14 01:32:44','23000031417551900025',0,NULL),(358,'2023-03-15 01:32:44','23000031417551900026',0,NULL),(359,'2023-03-15 01:32:44','23000031417551900027',0,NULL),(360,'2023-03-15 01:32:44','23000031417551900028',0,NULL),(361,'2023-03-15 01:32:44','23000031417551900029',0,NULL),(362,'2024-03-15 01:32:44','24000031417551900029',0,NULL),(363,'2024-03-15 01:32:44','24000031417551900030',0,NULL),(364,'2024-03-15 01:32:44','24000031417551900031',0,NULL),(365,'2024-03-15 01:32:44','24000031417551900081',0,NULL),(366,'2024-03-15 01:32:44','24000031417551900082',0,NULL),(367,'2024-03-15 01:32:44','24000031417551900083',0,NULL),(368,'2024-03-15 01:32:44','24000031417552900083',0,NULL),(369,'2024-03-15 01:32:44','24000031417552900084',0,NULL),(370,'2024-03-15 01:32:44','24000031417552900085',0,NULL),(371,'2024-03-15 01:32:44','24000031417552900086',0,NULL),(372,'2024-03-15 01:32:44','24000031417552900087',0,NULL),(373,'2024-03-15 01:32:44','24000031417552900088',0,NULL),(374,'2024-03-15 01:32:44','24000031417552900089',0,NULL),(375,'2024-03-15 01:32:44','24000031417552900090',0,NULL),(376,'2024-03-15 01:32:44','24000031417552900091',0,NULL),(377,'2024-03-15 01:32:44','24000031417552900092',0,NULL),(378,'2024-03-15 01:32:44','24000031417552900093',0,NULL),(379,'2024-03-15 01:32:44','24000031417552900094',0,NULL),(380,'2024-03-15 01:32:44','24000031417552900095',0,NULL),(381,'2024-03-15 01:32:44','24000031417552900096',0,NULL),(382,'2024-03-15 01:32:44','24000031417552900097',0,NULL),(383,'2024-03-15 01:32:44','24000031417552900098',0,NULL),(384,'2024-03-15 01:32:44','24000031417552900099',0,NULL),(385,'2024-03-15 01:32:44','24000031417552900100',0,NULL),(386,'2024-03-15 01:32:44','24000031417552900101',0,NULL),(387,'2024-03-15 01:32:44','24000031417552900121',0,NULL),(388,'2024-03-15 01:32:44','24000031417552900122',0,NULL),(389,'2024-03-15 01:32:44','24000031417552900123',0,NULL),(390,'2024-03-15 01:32:44','24000031417552900124',0,NULL),(391,'2024-03-15 01:32:44','24000031417552900125',0,NULL),(392,'2024-03-15 01:32:44','24000031417552900126',0,NULL),(393,'2024-03-15 01:32:44','24000031417552900127',0,NULL),(394,'2024-03-15 01:32:44','24000031417552900128',0,NULL),(395,'2024-03-15 01:32:44','24000031417552900129',0,NULL),(396,'2024-03-15 01:32:44','240000314175529030',0,NULL),(397,'2024-03-15 01:32:44','240000314175529031',0,NULL),(398,'2024-03-15 01:32:44','240000314175529032',0,NULL),(399,'2024-03-15 01:32:44','240000314175529033',0,NULL),(400,'2024-03-15 01:32:44','240000314175529034',0,NULL),(401,'2024-03-15 01:32:44','240000314175529035',0,NULL),(402,'2024-03-15 01:32:44','240000314175529036',0,NULL),(403,'2024-03-15 01:32:44','240000314175529037',0,NULL),(404,'2024-03-15 01:32:44','240000314177529036',0,NULL),(405,'2024-03-15 01:32:44','240000314177529037',0,NULL),(406,'2023-03-14 16:04:18','23000031422041100001',0,NULL),(407,'2023-03-14 16:51:12','23000031422491200001',0,NULL),(408,'2024-03-15 01:32:44','240000314177529038',0,NULL),(409,'2024-03-15 01:32:44','240000314177529039',0,NULL),(410,'2024-03-15 01:32:44','240000314177529040',0,NULL),(411,'2024-03-15 01:32:44','240000314177529041',0,NULL),(412,'2024-03-15 01:32:44','240000314177529042',0,NULL),(413,'2024-03-15 01:32:44','240000314177529043',0,NULL),(414,'2024-03-15 01:32:44','240000314177529044',0,NULL),(415,'2024-03-15 01:32:44','240000314177529045',0,NULL),(416,'2024-03-15 01:32:44','240000314177529046',0,NULL),(417,'2024-03-15 01:32:44','240000314177529047',0,NULL),(418,'2024-03-15 01:32:44','240000314177529048',0,NULL),(419,'2024-03-15 01:32:44','240000314177529049',0,NULL),(420,'2024-03-15 01:32:44','240000314177529050',0,NULL),(421,'2024-03-15 01:32:44','240000314177529051',0,NULL),(422,'2024-03-15 01:32:44','240000314177529052',0,NULL),(423,'2024-03-15 01:32:44','240000314177529053',0,NULL),(424,'2024-03-15 01:32:44','240000314177529054',0,NULL),(425,'2024-03-15 01:32:44','240000314177529055',0,NULL),(426,'2024-03-15 01:32:44','240000314177529058',0,NULL),(427,'2024-03-15 01:32:44','240000314177529059',0,NULL),(428,'2024-03-15 01:32:44','240000314177529060',0,NULL),(429,'2024-03-15 01:32:44','240000314177529061',0,NULL),(430,'2024-03-15 01:32:44','240000314177529062',0,NULL),(431,'2024-03-15 01:32:44','240000314177529063',0,NULL),(432,'2024-03-15 01:32:44','240000314177529064',0,NULL),(433,'2024-03-15 01:32:44','240000314177529065',0,NULL),(434,'2024-03-15 01:32:44','240000314177529066',0,NULL),(435,'2024-03-15 01:32:44','240000314177529067',0,NULL),(436,'2024-03-15 01:32:44','240000314177529068',0,NULL),(437,'2023-03-16 01:05:00','23000031512044800001',0,NULL),(438,'2023-03-14 01:32:44','23010031417551900001',0,NULL),(439,'2023-03-14 01:32:44','23010031417551900002',0,NULL),(440,'2023-03-14 01:32:44','23010031417551900003',0,NULL),(441,'2023-03-14 01:32:44','23010031417551900004',0,NULL),(442,'2023-03-14 01:32:44','23010031417551900005',0,NULL),(443,'2023-03-14 01:32:44','23010031417551900006',0,NULL),(444,'2023-03-14 01:32:44','23010031417551900007',0,NULL),(445,'2023-03-14 01:32:44','23010031417551900008',0,NULL),(446,'2023-03-14 01:32:44','23010031417551900009',0,NULL),(447,'2023-03-14 01:32:44','23010031417551900010',0,NULL),(448,'2023-03-14 01:32:44','23010031417551900011',0,NULL),(449,'2023-03-14 01:32:44','23010031417551900012',0,NULL),(450,'2023-03-14 01:32:44','23010031417551900013',0,NULL),(451,'2023-03-14 01:32:44','23010031417551900014',0,NULL),(452,'2023-03-14 01:32:44','23010031417551900015',0,NULL),(453,'2023-03-17 12:36:00','23000031518354400001',0,NULL),(454,'2023-03-15 16:16:09','23000031522152600001',0,NULL),(455,'2023-03-15 16:27:35','23000031522264900001',0,NULL),(456,'2023-03-15 16:29:08','23000031522284600001',0,NULL),(457,'2023-03-15 16:31:19','23000031522303700001',0,NULL),(458,'2023-03-15 14:50:51','23000031614434800001',0,NULL),(459,'2023-03-15 15:28:24','23000031615225300001',0,NULL),(460,'2023-03-17 00:00:00','23000031615254600001',0,NULL),(461,'2023-03-18 09:54:00','23000031615534300001',0,NULL),(462,'2023-03-06 17:51:58','230020302171820232',0,NULL),(463,'2023-03-06 17:51:58','230020302171820233',0,NULL),(464,'2023-03-06 17:51:58','230020302171820234',0,NULL),(465,'2023-03-20 12:00:00','23000031616032600001',0,NULL),(466,'2023-03-06 17:51:58','230020302171820235',0,NULL),(467,'2023-03-14 01:32:44','2300131417551900001',0,NULL),(468,'2023-03-14 01:32:44','2300131417551900002',0,NULL),(469,'2023-03-14 01:32:44','2300131417551900003',0,NULL),(470,'2023-03-14 01:32:44','2300131417551900004',0,NULL),(471,'2023-03-14 01:32:44','2300131417551900005',0,NULL),(472,'2023-03-21 12:52:00','23000031619522500001',0,NULL),(473,'2023-03-06 17:51:58','230020302171820229',0,NULL),(474,'2023-03-14 01:32:44','2300131417551900006',0,NULL),(475,'2023-03-14 01:32:44','2300131417551900007',0,NULL),(476,'2023-03-14 01:32:44','2300131417551900008',0,NULL),(477,'2023-03-14 01:32:44','2300131417551900009',0,NULL),(478,'2023-03-15 21:46:23','23000031621405500001',0,NULL),(479,'2023-03-30 15:55:00','23000031621545600001',0,NULL),(480,'2023-03-15 22:06:43','23000031622012200001',0,NULL),(481,'2023-03-24 16:02:00','23000031622021200001',0,NULL),(482,'2023-03-16 16:06:00','23000031622060800001',0,NULL),(483,'2023-03-18 16:07:00','23000031622065400001',0,NULL),(484,'2023-03-17 08:42:09','23000031714415400001',0,NULL),(485,'2023-03-17 08:49:29','23000031714491500001',0,NULL),(486,'2023-03-17 08:50:41','23000031714505000001',0,NULL),(487,'2023-03-17 08:52:16','23000031714521600001',0,NULL),(488,'2023-03-17 08:52:40','23000031714523500001',0,NULL),(489,'2023-03-17 09:23:31','23000031715232500001',0,NULL),(490,'2023-03-17 09:25:25','23000031715250400001',0,NULL),(491,'2023-03-17 09:30:20','23000031715300700001',0,NULL),(492,'2023-03-18 10:28:00','23000031716274900001',0,NULL),(493,'2023-03-14 01:32:44','2300003141771900001',0,NULL),(494,'2023-03-14 01:32:44','2300003141771900002',0,NULL),(495,'2023-03-14 01:32:44','2300003141771900003',0,NULL),(496,'2023-03-17 13:06:45','23000031719063100001',0,NULL),(497,'2023-03-17 13:06:45','23000031719063100002',0,NULL),(498,'2023-03-17 13:06:45','23000031719063100003',0,NULL),(499,'2023-03-17 13:06:45','23000031719063100004',0,NULL),(500,'2023-03-17 13:06:45','23000031719063100005',0,NULL),(501,'2023-03-17 13:06:45','23000031719063100006',0,NULL),(502,'2023-03-17 13:06:45','23000031719063100007',0,NULL),(503,'2023-03-17 13:06:45','23000031719063100008',0,NULL),(504,'2023-03-17 13:06:45','23000031719063100009',0,NULL),(505,'2023-03-17 13:06:45','23000031719063100010',0,NULL),(506,'2023-03-17 13:06:45','23000031719063100011',0,NULL),(507,'2023-03-17 13:06:45','23000031719063100012',0,NULL),(508,'2023-03-17 13:06:45','23000031719063100013',0,NULL),(509,'2023-03-22 10:34:00','23000032216311900001',0,NULL),(510,'2023-03-23 10:35:00','23000032216353900001',0,NULL),(511,'2023-03-23 10:35:00','23000032216363100001',0,NULL),(512,'2023-03-23 10:40:00','23000032216402700001',0,NULL),(513,'2023-03-22 11:07:24','23000032217055400001',0,NULL),(514,'2023-03-22 11:09:06','23000032217085100001',0,NULL),(515,'2023-03-17 13:06:45','23010031719063100001',0,NULL),(516,'2023-03-22 11:37:08','23000032217363600001',0,NULL),(517,'2023-03-17 13:06:45','23010031719063100002',0,NULL),(518,'2023-03-22 11:46:33','23000032217460700001',0,NULL),(519,'2023-03-22 11:48:10','23000032217474800001',0,NULL),(520,'2023-03-22 11:50:11','23000032217500700001',0,NULL),(521,'2023-03-22 12:23:30','23000032218225700001',0,NULL),(522,'2023-03-22 12:25:47','23000032218251000001',0,NULL),(523,'2023-03-22 12:27:44','23000032218272400001',0,NULL),(524,'2023-03-22 12:31:48','23000032218313100001',0,NULL),(525,'2023-03-22 12:33:29','23000032218331100001',0,NULL),(526,'2023-03-22 12:35:36','23000032218351700001',0,NULL),(527,'2023-03-22 12:38:19','23000032218375100001',0,NULL),(528,'2023-03-22 12:40:19','23000032218395400001',0,NULL),(529,'2023-03-22 12:43:51','23000032218433400001',0,NULL),(530,'2023-03-22 12:49:26','23000032218490800001',0,NULL),(531,'2023-03-17 13:06:45','23000031719063100101',0,NULL),(532,'2023-03-23 11:20:47','23000032317202200001',0,NULL),(533,'2023-03-23 11:22:12','23000032317215400001',0,NULL),(534,'2023-03-23 12:31:48','23000032318313000001',0,NULL),(535,'2023-03-23 13:14:39','23000032319141300001',0,NULL),(536,'2023-03-23 13:16:43','23000032319161900001',0,NULL),(537,'2023-03-23 13:31:02','23000032319301400001',0,NULL),(538,'2023-03-23 13:33:25','23000032319330900001',0,NULL),(539,'2023-03-23 13:33:58','23000032319334200001',0,NULL),(540,'2023-03-23 13:34:39','23000032319341200001',0,NULL),(541,'2023-03-23 13:35:36','23000032319352100001',0,NULL),(542,'2023-03-23 13:36:24','23000032319360100001',0,NULL),(543,'2023-03-23 13:51:05','23000032319503900001',0,NULL),(544,'2023-04-03 12:18:26','23000040317171800001',0,NULL),(545,'2023-04-04 09:59:14','23000040414562700001',0,NULL),(546,'2023-04-04 09:59:14','23000040414542700001',0,NULL),(547,'2023-04-04 09:59:14','23000040414542400001',0,NULL),(548,'2023-04-04 09:59:14','23000041414542400001',0,NULL),(549,'2023-04-04 09:59:14','23000041414542600001',0,NULL),(550,'2023-04-04 09:59:14','23000041414242600001',0,NULL),(551,'2023-04-04 09:59:14','23000041424242600001',0,NULL),(552,'2023-04-04 09:59:14','23000041424212600001',0,NULL),(553,'2023-04-04 09:59:14','23000041424812600001',0,NULL),(554,'2023-04-05 00:24:00','23000040515243000001',0,NULL),(555,'2023-04-07 00:00:00','23000040515342800001',0,NULL),(556,'2023-04-13 09:34:00','23000040515352000001',0,NULL),(557,'2023-04-10 09:35:00','23000040515355700001',0,NULL),(558,'2023-04-11 09:35:00','23000040515362800001',0,NULL),(559,'2023-04-06 09:37:00','23000040515381900001',0,NULL),(560,'2080-09-11 09:39:00','23000040515392900001',0,NULL),(561,'2023-04-29 09:40:00','23000040515401400001',0,NULL),(562,'2100-04-05 09:41:00','23000040515405300001',0,NULL),(563,'2023-04-05 09:40:00','23000040515405000001',0,NULL),(564,'2066-04-05 09:49:00','23000040515485700001',0,NULL),(565,'2057-04-05 09:56:00','23000040515554500001',0,NULL),(566,'2023-04-06 13:00:00','23000040516081700001',0,NULL),(567,'2023-04-10 09:56:10','23000041014541100001',0,NULL),(568,'2023-04-13 21:03:22','23014041320585314',0,'AK165SiY2'),(571,'2023-04-13 21:05:30','23014041321050714',0,'AK165T5lx'),(572,'2023-04-13 21:06:24','23014041321060214',0,'AK165T7di'),(573,'2023-04-13 21:14:18','23014041321133760',0,'AK165TLJ)'),(575,'2023-04-13 21:19:59','23014041321181013',0,'AK165TVaB'),(576,'2023-04-13 21:25:53','23014041321251418',0,'AK165T))j'),(577,'2023-04-13 21:26:42','23014041321262425',0,'AK165Ubll'),(578,'2023-04-13 21:31:48','23014041321312826',0,'AK165Ullc'),(579,'2023-04-13 21:37:21','23014041321370531',0,'AK165UxHU'),(580,'2023-04-13 21:40:25','23014041321400737',0,'AK165U3Hq'),(581,'2023-04-13 21:42:34','23014041321421840',0,'AK165U7U6'),(582,'2023-04-13 21:57:03','23014041321564842',1,'AK165U!kE'),(583,'2023-04-13 22:03:56','23014041322034056',1,'AK165Wmro'),(584,'2023-04-13 22:21:17','23014041322210056',1,'AK165WMkf'),(585,'2023-04-13 22:23:37','23014041322232056',1,'AK165WQA&'),(586,'2023-04-13 22:32:28','23014041322320756',1,'AK165W)hr'),(587,'2023-04-13 22:33:51','23014041322332856',1,'AK165XaAL'),(588,'2023-04-13 22:36:34','23014041322361756',1,'AK165XgrO'),(589,'2023-04-13 22:39:14','23014041322385456',1,'AK165Xk&A'),(590,'2023-04-13 22:42:13','23014041322414956',1,'AK165XrU='),(591,'2023-04-13 22:47:51','23014041322474056',1,'AK165X3B2'),(592,'2023-04-13 22:49:47','23014041322493256',1,'AK165X7xW'),(593,'2023-04-13 22:55:39','23014041322550856',1,'AK165XISf'),(594,'2023-04-14 12:00:00','23000041323013501',1,'AIYk#hxVL'),(595,'2023-04-14 12:00:00','23000041323272901',1,'AIYk#idtm'),(596,'2023-04-17 12:00:00','23000041414191801',1,'AIYk&Ofke'),(597,'2023-04-17 12:00:00','23000041414334701',1,'AIYk&O89R'),(598,'2023-04-17 12:00:00','23000041414344601',1,'AIYk&OA7m'),(599,'2023-04-17 12:00:00','23000041414455801',1,'AIYk&OWB1'),(600,'2023-04-17 12:00:00','23000041414473301',1,'AIYk&OZ)Z'),(601,'2023-04-17 12:00:00','23000041414534201',1,'AIYk&PceH'),(602,'2023-04-17 12:00:00','23000041414553901',1,'AIYk&Pf)e'),(603,'2023-04-17 13:00:00','23000041415300901',1,'AIYk&Rmln'),(604,'2023-04-17 13:00:00','23000041415303401',1,'AIYk&RmL3'),(605,'2023-04-17 12:00:00','23000041415310501',1,'AIYk&Roe3'),(606,'2023-04-18 09:35:00','23000041415330201',1,'AIYk&Rs(!'),(607,'2023-04-18 12:01:00','23000041417465801',1,'AIYk&XqIR'),(608,'2023-04-14 12:56:36','23000041417545901',1,'AIYk&X6A$'),(609,'2023-04-19 12:00:00','23000041717323601',1,'AIYlhJb4c'),(610,'2023-04-21 12:00:00','23000041919092601',1,'6AGU1E355RT'),(611,'2023-04-19 15:50:00','23000041921443701',1,'6AGU1E4JJW5'),(612,'2023-04-25 22:00:00','23000041923334901',1,'6AGU1E5O35H'),(613,'2023-04-20 08:46:00','23000042014455501',1,'6AGU1FNX499'),(614,'2023-04-21 11:19:00','23000042016202101',1,'6AGU1FOYJXX'),(615,'2023-04-21 12:00:00','23000042018060601',1,'6AGU1FQ2DYX'),(616,'2023-04-21 00:00:00','23000042018531501',1,'6AGU1FQCHBH'),(617,'2023-04-21 12:00:00','23000042022003701',1,'6AGU1FSEWHH'),(618,'2023-04-21 00:00:00','23000042022045501',1,'6AGU1FSFSQL'),(619,'2023-04-21 12:01:00','23000042022102501',1,'6AGU1FSH0PX'),(620,'2023-04-20 17:19:59','23000042022193701',1,'6AGU1FSIZ39'),(621,'2023-04-20 17:21:29','23000042022212501',1,'6AGU1FSJDLH'),(622,'2023-04-20 17:39:21','23000042022384201',1,'6AGU1FSN22X'),(623,'2023-04-20 17:41:34','23000042022410101',1,'6AGU1FSNM2D'),(624,'2023-04-20 18:00:00','23000042023321701',1,'6AGU1FT75GL'),(625,'2023-04-20 17:45:00','23000042023343401',1,'6AGU1FT7M7D'),(626,'2023-04-21 12:00:00','23000042114113001',1,'6AGU1HB94H5'),(627,'2023-04-21 10:20:36','23000042115192401',1,'6AGU1HBW9CH'),(628,'2023-04-21 10:27:35','23000042115212101',1,'6AGU1HBWOJP'),(629,'2023-04-21 12:48:04','23000042117472801',1,'6AGU1HD94WX');
/*!40000 ALTER TABLE `codes` ENABLE KEYS */;
UNLOCK TABLES;

--
-- Table structure for table `companies`
--

DROP TABLE IF EXISTS `companies`;
/*!40101 SET @saved_cs_client     = @@character_set_client */;
/*!40101 SET character_set_client = utf8 */;
CREATE TABLE `companies` (
  `Id` bigint(20) NOT NULL AUTO_INCREMENT COMMENT 'Identificador de la empresa.',
  `idAccessProfile` bigint(20) DEFAULT NULL,
  `CompanyCode` varchar(5) DEFAULT NULL,
  `Name` varchar(56) NOT NULL COMMENT 'Nombre de la empresa.',
  `Address` varchar(500) DEFAULT NULL,
  `Phone` varchar(100) DEFAULT NULL,
  `RFC` varchar(100) DEFAULT NULL,
  `ContactEmail` varchar(100) DEFAULT NULL,
  `ContactPhone` varchar(100) DEFAULT NULL,
  `isPublic` tinyint(4) DEFAULT 1,
  `Observations` varchar(100) DEFAULT NULL,
  `Status` int(11) DEFAULT 1 COMMENT 'Estatus en que se encuentra la empresa.\\nLista de opciones para StatusType:\\n\\n	ᴺᵁᴸᴸ = Desconocido\\n	0 = Inactivo\\n	1 = Activo\\n',
  PRIMARY KEY (`Id`),
  UNIQUE KEY `Id_UNIQUE` (`Id`),
  KEY `FK_companies_access_profiles_idx` (`idAccessProfile`),
  CONSTRAINT `FK_companies_access_profiles` FOREIGN KEY (`idAccessProfile`) REFERENCES `access_profiles` (`Id`) ON DELETE NO ACTION ON UPDATE NO ACTION
) ENGINE=InnoDB AUTO_INCREMENT=16 DEFAULT CHARSET=utf8mb3 COLLATE=utf8mb3_general_ci COMMENT='Compañias relacionadas con las personas';
/*!40101 SET character_set_client = @saved_cs_client */;

--
-- Dumping data for table `companies`
--

LOCK TABLES `companies` WRITE;
/*!40000 ALTER TABLE `companies` DISABLE KEYS */;
INSERT INTO `companies` VALUES (14,12,'FMS21','SuPato','unkown','','','','',1,'',1),(15,NULL,'HLH21','Prueba 01','','','','','',1,'',1);
/*!40000 ALTER TABLE `companies` ENABLE KEYS */;
UNLOCK TABLES;

--
-- Table structure for table `concepts`
--

DROP TABLE IF EXISTS `concepts`;
/*!40101 SET @saved_cs_client     = @@character_set_client */;
/*!40101 SET character_set_client = utf8 */;
CREATE TABLE `concepts` (
  `Id` bigint(20) NOT NULL AUTO_INCREMENT COMMENT 'Identificador de la tabla',
  `Name` varchar(45) DEFAULT NULL,
  `Description` varchar(45) DEFAULT NULL,
  `Unit` varchar(10) DEFAULT NULL COMMENT 'Hasta 3 caracteres para inidcar la unida de medida (Pza, Hr, Lt, etc)',
  `Price` decimal(9,2) DEFAULT NULL COMMENT 'Costo',
  `AcountType` varchar(1) DEFAULT NULL COMMENT 'C=Cargo, A=Abono',
  `Tag` varchar(10) DEFAULT NULL COMMENT 'Tipo de pago:\\nEfectivo\\nTarjeta\\nMonedero',
  `Group` varchar(3) DEFAULT NULL COMMENT 'Conjunto de hasta 3 letras que va a servir para agrupar conceptos',
  `Notes` varchar(50) DEFAULT NULL COMMENT 'Observacion',
  `Status` int(11) DEFAULT 0,
  `Quantity` int(11) DEFAULT 0,
  PRIMARY KEY (`Id`),
  UNIQUE KEY `Id_UNIQUE` (`Id`)
) ENGINE=InnoDB AUTO_INCREMENT=19786541236986 DEFAULT CHARSET=utf8mb3 COLLATE=utf8mb3_general_ci COMMENT='Tabla de Concepts de pago';
/*!40101 SET character_set_client = @saved_cs_client */;

--
-- Dumping data for table `concepts`
--

LOCK TABLES `concepts` WRITE;
/*!40000 ALTER TABLE `concepts` DISABLE KEYS */;
INSERT INTO `concepts` VALUES (1,'prueba','Prueba','liter',1.00,'E','Wallet','RS',NULL,0,0),(2,'Coke','Good drink','piece',2.00,'E','Card','DRI','Nothing',1,3),(3,'nombre asdr','editado pero borrado','minutes',20.00,'C','Wallet','RS','',0,1),(4,'yogurt','editado pero borrado','months',4.00,'C','7','FOO','',0,5),(9,'piuiupo','otgu','seconds',40.00,'C','Wallet','RS','',0,8),(10,'prueba de response','Hola','seconds',120.00,'C','Wallet','RS','',1,0),(11,NULL,'',NULL,10.00,NULL,'Wallet','RS','',0,0),(1222,NULL,'string','RS',0.00,NULL,'Wallet','RS','string',0,0),(1223,NULL,'aa','minutes',12.00,'1','Cash','1','string',0,0),(1224,NULL,'string','seconds',0.00,'C','Card','RS','string',0,0),(1225,NULL,'string','seconds',0.00,'C','Wallet','DRI','string',0,0),(1226,NULL,'string','seconds',0.00,'E','Wallet','RS','string',0,0),(1227,NULL,'string','seconds',0.00,'C','Wallet','RS','string',0,10),(1228,NULL,'ajkudbfgfuj','liter',9.99,'C','7','FOO','asfihnakf',0,0),(3253,'32432','324324','liter',234.00,'E','Wallet','SNA','234',1,NULL),(756487,'img buena','sfdfd','liter',3.00,'E','Wallet','FOO','',1,NULL),(1635481,'234fasd','sadfs526','liter',59.00,'E','Wallet','LAC','',0,0),(4568241,'img','asdd','liter',6.00,'E','Wallet','FOO','',1,NULL),(12346570,'nombre laaaaaaaaaaaaaaaaaaaaaaaaaaaaargo','Hols','package',2.00,'C','Wallet','LAC','',1,0),(32143214,'32432','324234','package',423.00,'E','Wallet','FOO','',1,NULL),(56146541,'asdasdsa','asdasd','hours',8.99,'C','Cash','DRI','asd',1,0),(85454874,'prueba','prueba de servicio','minutes',9.99,'C','7','FOO','notas falsas',1,0),(978546312,'prueba fisica','Primera prueba mamalona','minutes',9999.99,'C','Wallet','DRI','',0,0),(7674145646,'prueba de img','hola','liter',1.00,'E','Wallet','SNA','',1,NULL),(1236547898745,'prueba img','12345','piece',123568.00,'E','Wallet','DRI','',1,NULL),(6782349103592,'admin','The admin','minutes',0.00,'C','Wallet','RS','',0,0),(7501003339522,'te de canela a la manzana','Tee','piece',1.00,'C','Wallet','DRI','',1,0),(7501055301256,'coca cola 700 ml','16284994\n7501055301256','piece',19.00,'E','Wallet','DRI','',1,10),(19786541236985,'prueba img','prueba img','liter',5.00,'E','Wallet','SNA','',0,0);
/*!40000 ALTER TABLE `concepts` ENABLE KEYS */;
UNLOCK TABLES;

--
-- Table structure for table `concepts_levels`
--

DROP TABLE IF EXISTS `concepts_levels`;
/*!40101 SET @saved_cs_client     = @@character_set_client */;
/*!40101 SET character_set_client = utf8 */;
CREATE TABLE `concepts_levels` (
  `Id` bigint(20) NOT NULL AUTO_INCREMENT,
  `IdConcept` bigint(20) DEFAULT NULL,
  `IncomingUnits` int(11) DEFAULT NULL,
  `OutgoingUnits` int(11) DEFAULT NULL,
  `Status` int(2) DEFAULT NULL,
  PRIMARY KEY (`Id`),
  KEY `FK_concepts_levels_concepts_idx` (`IdConcept`),
  CONSTRAINT `FK_concepts_levels_concepts` FOREIGN KEY (`IdConcept`) REFERENCES `concepts` (`Id`) ON DELETE NO ACTION ON UPDATE NO ACTION
) ENGINE=InnoDB DEFAULT CHARSET=latin1 COLLATE=latin1_swedish_ci;
/*!40101 SET character_set_client = @saved_cs_client */;

--
-- Dumping data for table `concepts_levels`
--

LOCK TABLES `concepts_levels` WRITE;
/*!40000 ALTER TABLE `concepts_levels` DISABLE KEYS */;
/*!40000 ALTER TABLE `concepts_levels` ENABLE KEYS */;
UNLOCK TABLES;

--
-- Table structure for table `config`
--

DROP TABLE IF EXISTS `config`;
/*!40101 SET @saved_cs_client     = @@character_set_client */;
/*!40101 SET character_set_client = utf8 */;
CREATE TABLE `config` (
  `Id` bigint(20) NOT NULL AUTO_INCREMENT COMMENT 'Identificador del comando',
  `Tag` varchar(32) NOT NULL COMMENT 'Nombre del campo',
  `Value` varchar(256) NOT NULL COMMENT 'Valor de configuración',
  `Comment` varchar(512) DEFAULT NULL COMMENT 'Comentario para entender de mejor manera lo que almacena el campo.',
  `Status` int(11) NOT NULL DEFAULT 1 COMMENT 'Estatus en el que se encuentra el código.\nLista de opciones para StatusType:\n\n	''0'' = Inactivo\n	''1'' = Activo\n	''2'' = Cancelado\n	''E'' = Error\n',
  PRIMARY KEY (`Id`),
  UNIQUE KEY `Id_UNIQUE` (`Id`)
) ENGINE=MyISAM AUTO_INCREMENT=1411 DEFAULT CHARSET=utf8mb3 COLLATE=utf8mb3_general_ci COMMENT='Tabla de configuración';
/*!40101 SET character_set_client = @saved_cs_client */;

--
-- Dumping data for table `config`
--

LOCK TABLES `config` WRITE;
/*!40000 ALTER TABLE `config` DISABLE KEYS */;
INSERT INTO `config` VALUES (0,'DB_Version','Beta r4','',1),(1406,'HOST','smtp.gmail.com','',1),(1407,'PORT','587',NULL,1),(1408,'EMAIL','cdscontrolaccess@gmail.com',NULL,1),(1409,'PASSWORD','amrnhxashskzbkag',NULL,1),(1410,'PASSWORD1','mx123456*',NULL,1);
/*!40000 ALTER TABLE `config` ENABLE KEYS */;
UNLOCK TABLES;

--
-- Table structure for table `customer_devices`
--

DROP TABLE IF EXISTS `customer_devices`;
/*!40101 SET @saved_cs_client     = @@character_set_client */;
/*!40101 SET character_set_client = utf8 */;
CREATE TABLE `customer_devices` (
  `Id` bigint(20) NOT NULL AUTO_INCREMENT,
  `IdCustomer` bigint(20) DEFAULT NULL,
  `Token` varchar(5000) DEFAULT NULL,
  `LastConnection` datetime DEFAULT NULL,
  PRIMARY KEY (`Id`)
) ENGINE=InnoDB AUTO_INCREMENT=28 DEFAULT CHARSET=utf8mb3 COLLATE=utf8mb3_general_ci;
/*!40101 SET character_set_client = @saved_cs_client */;

--
-- Dumping data for table `customer_devices`
--

LOCK TABLES `customer_devices` WRITE;
/*!40000 ALTER TABLE `customer_devices` DISABLE KEYS */;
INSERT INTO `customer_devices` VALUES (14,7,'cluOFVCKTv64f-4MJ2f5ud:APA91bEtYVU4Tjk38ekwNev7HG3Vebkca5qbFDRDiWxmMuDI8ezjaUaW3D2E6tEezF7TUShtAkHIIAs5l9NVr0K7gkAZ4wwx0bnnH5hsZkBCkfVVc0WyeHPOc2N1PhiFm7Ia0AVKbvB_','2023-04-20 22:09:23'),(27,7,'sin implementacion de noti','2023-08-10 23:12:57');
/*!40000 ALTER TABLE `customer_devices` ENABLE KEYS */;
UNLOCK TABLES;

--
-- Table structure for table `customers`
--

DROP TABLE IF EXISTS `customers`;
/*!40101 SET @saved_cs_client     = @@character_set_client */;
/*!40101 SET character_set_client = utf8 */;
CREATE TABLE `customers` (
  `Id` bigint(20) NOT NULL AUTO_INCREMENT,
  `IdPerson` bigint(20) DEFAULT NULL,
  `IdCompany` bigint(20) DEFAULT NULL,
  `IdCode` bigint(20) DEFAULT NULL,
  `IdAccessProfile` bigint(20) DEFAULT NULL,
  `creationDate` datetime DEFAULT current_timestamp(),
  `Status` int(11) DEFAULT NULL COMMENT 'Status:\n- Activo\n- Inactivo',
  `visitManage` bit(1) DEFAULT b'0',
  PRIMARY KEY (`Id`),
  UNIQUE KEY `Id_UNIQUE` (`Id`),
  KEY `FK_customers_persons_idx` (`IdPerson`),
  KEY `FK_customers_companies_idx` (`IdCompany`),
  KEY `FK_customers_codes_idx` (`IdCode`),
  KEY `FK_customers_accessprofiles_idx` (`IdAccessProfile`),
  CONSTRAINT `FK_customers_accessprofiles` FOREIGN KEY (`IdAccessProfile`) REFERENCES `access_profiles` (`Id`) ON DELETE NO ACTION ON UPDATE NO ACTION,
  CONSTRAINT `FK_customers_codes` FOREIGN KEY (`IdCode`) REFERENCES `codes` (`Id`) ON DELETE NO ACTION ON UPDATE NO ACTION,
  CONSTRAINT `FK_customers_companies` FOREIGN KEY (`IdCompany`) REFERENCES `companies` (`Id`) ON DELETE NO ACTION ON UPDATE NO ACTION,
  CONSTRAINT `FK_customers_persons` FOREIGN KEY (`IdPerson`) REFERENCES `persons` (`Id`) ON DELETE NO ACTION ON UPDATE NO ACTION
) ENGINE=InnoDB AUTO_INCREMENT=9 DEFAULT CHARSET=latin1 COLLATE=latin1_swedish_ci;
/*!40101 SET character_set_client = @saved_cs_client */;

--
-- Dumping data for table `customers`
--

LOCK TABLES `customers` WRITE;
/*!40000 ALTER TABLE `customers` DISABLE KEYS */;
INSERT INTO `customers` VALUES (7,149,14,145,NULL,'2023-03-08 17:32:47',1,''),(8,150,15,146,NULL,'2023-03-08 17:58:46',1,'');
/*!40000 ALTER TABLE `customers` ENABLE KEYS */;
UNLOCK TABLES;

--
-- Table structure for table `customers_submodules_permissions`
--

DROP TABLE IF EXISTS `customers_submodules_permissions`;
/*!40101 SET @saved_cs_client     = @@character_set_client */;
/*!40101 SET character_set_client = utf8 */;
CREATE TABLE `customers_submodules_permissions` (
  `Id` bigint(20) NOT NULL AUTO_INCREMENT COMMENT 'Identificador de la relación',
  `IdSubmodule` bigint(20) NOT NULL COMMENT 'Identificador del submodulo',
  `IdCustomer` bigint(20) NOT NULL COMMENT 'Identificador del usuario',
  PRIMARY KEY (`Id`),
  KEY `fk_users_submodules_permissions_submodule1_idx` (`IdSubmodule`) USING BTREE,
  KEY `fk_users_submodules_permissions_users1_idx` (`IdCustomer`) USING BTREE,
  CONSTRAINT `customers_submodules_permissions_FK` FOREIGN KEY (`IdCustomer`) REFERENCES `customers` (`Id`),
  CONSTRAINT `customers_submodules_permissions_FK_1` FOREIGN KEY (`IdSubmodule`) REFERENCES `submodule` (`Id`)
) ENGINE=InnoDB AUTO_INCREMENT=9 DEFAULT CHARSET=utf8mb3 COLLATE=utf8mb3_general_ci COMMENT='Guarda el tipo de permiso que se va a aplicar por submodulo según el usuario indicado.';
/*!40101 SET character_set_client = @saved_cs_client */;

--
-- Dumping data for table `customers_submodules_permissions`
--

LOCK TABLES `customers_submodules_permissions` WRITE;
/*!40000 ALTER TABLE `customers_submodules_permissions` DISABLE KEYS */;
INSERT INTO `customers_submodules_permissions` VALUES (1,23,7),(2,24,7),(3,25,7);
/*!40000 ALTER TABLE `customers_submodules_permissions` ENABLE KEYS */;
UNLOCK TABLES;

--
-- Table structure for table `events`
--

DROP TABLE IF EXISTS `events`;
/*!40101 SET @saved_cs_client     = @@character_set_client */;
/*!40101 SET character_set_client = utf8 */;
CREATE TABLE `events` (
  `Id` bigint(20) NOT NULL AUTO_INCREMENT COMMENT 'Identificador del evento.',
  `IdCode` bigint(20) DEFAULT NULL COMMENT 'Identificador del código que emitió el evento.',
  `Type` varchar(3) DEFAULT NULL,
  `EventDate` datetime NOT NULL DEFAULT current_timestamp() COMMENT 'Fecha y hora del evento.',
  `Status` int(11) DEFAULT 1,
  `Notes` varchar(99) DEFAULT NULL,
  PRIMARY KEY (`Id`),
  UNIQUE KEY `Id_UNIQUE` (`Id`),
  KEY `FK_events_codes_idx` (`IdCode`),
  CONSTRAINT `FK_events_codes` FOREIGN KEY (`IdCode`) REFERENCES `codes` (`Id`) ON DELETE NO ACTION ON UPDATE NO ACTION
) ENGINE=InnoDB DEFAULT CHARSET=utf8mb3 COLLATE=utf8mb3_general_ci COMMENT='Tabla de historico de eventos';
/*!40101 SET character_set_client = @saved_cs_client */;

--
-- Dumping data for table `events`
--

LOCK TABLES `events` WRITE;
/*!40000 ALTER TABLE `events` DISABLE KEYS */;
/*!40000 ALTER TABLE `events` ENABLE KEYS */;
UNLOCK TABLES;

--
-- Table structure for table `gateways`
--

DROP TABLE IF EXISTS `gateways`;
/*!40101 SET @saved_cs_client     = @@character_set_client */;
/*!40101 SET character_set_client = utf8 */;
CREATE TABLE `gateways` (
  `Id` bigint(20) NOT NULL AUTO_INCREMENT,
  `GatewayName` varchar(40) DEFAULT NULL COMMENT 'Nombre para identificar a la puerta de acceso',
  `cnn` varchar(99) DEFAULT NULL COMMENT 'Dato con el que se va a conectar a la puerta',
  `ubication` varchar(99) DEFAULT NULL COMMENT 'Ubicacion de la puerta',
  `Status` int(11) DEFAULT NULL COMMENT 'Estado del registro',
  PRIMARY KEY (`Id`),
  UNIQUE KEY `Id_UNIQUE` (`Id`)
) ENGINE=InnoDB AUTO_INCREMENT=13 DEFAULT CHARSET=latin1 COLLATE=latin1_swedish_ci COMMENT='Puertas de acceso';
/*!40101 SET character_set_client = @saved_cs_client */;

--
-- Dumping data for table `gateways`
--

LOCK TABLES `gateways` WRITE;
/*!40000 ALTER TABLE `gateways` DISABLE KEYS */;
INSERT INTO `gateways` VALUES (8,'SuPato-Entrada Principal','','L01',1),(9,'SuPato-Sala de Juntas ','','L01',1),(10,'SuPato-Office del Boss','','L01',1),(11,'SuPato-Area de esclavosP1','','L01',1),(12,'SuPato-Area de esclavosP2','','L01',1);
/*!40000 ALTER TABLE `gateways` ENABLE KEYS */;
UNLOCK TABLES;

--
-- Table structure for table `modules`
--

DROP TABLE IF EXISTS `modules`;
/*!40101 SET @saved_cs_client     = @@character_set_client */;
/*!40101 SET character_set_client = utf8 */;
CREATE TABLE `modules` (
  `Id` bigint(20) NOT NULL AUTO_INCREMENT COMMENT 'Identificador del modulo.',
  `Name` varchar(80) DEFAULT NULL COMMENT 'Nombre del modulo.',
  `Status` int(11) DEFAULT 1,
  `Type` int(11) DEFAULT NULL,
  PRIMARY KEY (`Id`)
) ENGINE=InnoDB AUTO_INCREMENT=14 DEFAULT CHARSET=utf8mb3 COLLATE=utf8mb3_general_ci COMMENT='Modulos de seguridad.';
/*!40101 SET character_set_client = @saved_cs_client */;

--
-- Dumping data for table `modules`
--

LOCK TABLES `modules` WRITE;
/*!40000 ALTER TABLE `modules` DISABLE KEYS */;
INSERT INTO `modules` VALUES (1,'Company',1,1),(2,'Gateway',1,1),(3,'Customer',1,1),(4,'User',1,1),(5,'Profile',1,1),(6,'Wallet',1,1),(7,'Office',1,1),(8,'Calendar',1,1),(9,'Calendar',1,2),(10,'Reservation',1,2),(11,'Visitor',1,2),(12,'Wallet',1,2),(13,'Report',1,1);
/*!40000 ALTER TABLE `modules` ENABLE KEYS */;
UNLOCK TABLES;

--
-- Table structure for table `notifications`
--

DROP TABLE IF EXISTS `notifications`;
/*!40101 SET @saved_cs_client     = @@character_set_client */;
/*!40101 SET character_set_client = utf8 */;
CREATE TABLE `notifications` (
  `Id` bigint(20) NOT NULL AUTO_INCREMENT,
  `IdVisitor` bigint(20) DEFAULT NULL,
  `Id_TargetPerson` bigint(20) DEFAULT NULL,
  `GroupTag` varchar(5) DEFAULT NULL,
  `CurrentSequence` int(11) DEFAULT NULL,
  `CreationDate` datetime DEFAULT NULL,
  `Status` varchar(2) DEFAULT NULL,
  PRIMARY KEY (`Id`),
  UNIQUE KEY `Id_UNIQUE` (`Id`),
  KEY `FK_Notifications_persons_target_idx` (`Id_TargetPerson`),
  CONSTRAINT `FK_Notifications_persons_target` FOREIGN KEY (`Id_TargetPerson`) REFERENCES `persons` (`Id`) ON DELETE NO ACTION ON UPDATE NO ACTION
) ENGINE=InnoDB DEFAULT CHARSET=latin1 COLLATE=latin1_swedish_ci;
/*!40101 SET character_set_client = @saved_cs_client */;

--
-- Dumping data for table `notifications`
--

LOCK TABLES `notifications` WRITE;
/*!40000 ALTER TABLE `notifications` DISABLE KEYS */;
/*!40000 ALTER TABLE `notifications` ENABLE KEYS */;
UNLOCK TABLES;

--
-- Table structure for table `notifications_sequence`
--

DROP TABLE IF EXISTS `notifications_sequence`;
/*!40101 SET @saved_cs_client     = @@character_set_client */;
/*!40101 SET character_set_client = utf8 */;
CREATE TABLE `notifications_sequence` (
  `Id` bigint(20) NOT NULL AUTO_INCREMENT,
  `Description` varchar(45) DEFAULT NULL,
  `GroupTag` varchar(5) DEFAULT NULL,
  `Sequence` int(11) DEFAULT NULL,
  `SequenceTag` varchar(5) DEFAULT NULL,
  PRIMARY KEY (`Id`),
  UNIQUE KEY `Id_UNIQUE` (`Id`)
) ENGINE=InnoDB DEFAULT CHARSET=latin1 COLLATE=latin1_swedish_ci;
/*!40101 SET character_set_client = @saved_cs_client */;

--
-- Dumping data for table `notifications_sequence`
--

LOCK TABLES `notifications_sequence` WRITE;
/*!40000 ALTER TABLE `notifications_sequence` DISABLE KEYS */;
/*!40000 ALTER TABLE `notifications_sequence` ENABLE KEYS */;
UNLOCK TABLES;

--
-- Table structure for table `persons`
--

DROP TABLE IF EXISTS `persons`;
/*!40101 SET @saved_cs_client     = @@character_set_client */;
/*!40101 SET character_set_client = utf8 */;
CREATE TABLE `persons` (
  `Id` bigint(20) NOT NULL AUTO_INCREMENT COMMENT 'Identificador de la persona.',
  `Name` varchar(128) DEFAULT NULL COMMENT 'Nombre completo de la persona.',
  `Sex` bigint(20) DEFAULT NULL,
  `Photo` varchar(30) DEFAULT NULL,
  `Phone` varchar(45) DEFAULT NULL,
  `eMail` varchar(45) DEFAULT NULL,
  `IdCard` varchar(45) DEFAULT NULL,
  `CreationDate` datetime NOT NULL DEFAULT current_timestamp() COMMENT 'Fecha de creación del registro',
  `Status` int(11) DEFAULT 1 COMMENT 'Estatus en el que se encuentra la persona.',
  PRIMARY KEY (`Id`),
  UNIQUE KEY `Id_UNIQUE` (`Id`)
) ENGINE=InnoDB AUTO_INCREMENT=629 DEFAULT CHARSET=utf8mb3 COLLATE=utf8mb3_general_ci COMMENT='Tabla que guarda las personas registradas en el sistema';
/*!40101 SET character_set_client = @saved_cs_client */;

--
-- Dumping data for table `persons`
--

LOCK TABLES `persons` WRITE;
/*!40000 ALTER TABLE `persons` DISABLE KEYS */;
INSERT INTO `persons` VALUES (1,'Admin de prueba',0,'',NULL,'x@x',NULL,'2023-03-08 17:28:59',0),(149,'Main',1,NULL,'12345678','alelfo7@hotmail.com',NULL,'2023-03-08 17:32:47',1),(150,'Main',1,NULL,NULL,NULL,NULL,'2023-03-08 17:58:46',1),(151,'doewnfejndff',NULL,NULL,'2124345678','cjndfjkv@odimv.com',NULL,'2023-03-08 18:18:19',0),(152,'Luis Galvan',NULL,NULL,'3843512345','donrfe@dnjv.com',NULL,'2023-03-08 18:47:12',0),(153,'Luis Galvan',NULL,NULL,'3843512345','donrfe@dnjv.com',NULL,'2023-03-08 18:52:13',0),(154,'Luis Galvan',NULL,NULL,'3843512345','donrfe@dnjv.com',NULL,'2023-03-08 18:57:39',0),(155,'Luis Galvan',NULL,NULL,'3843512345','donrfe@dnjv.com',NULL,'2023-03-08 19:00:27',0),(156,'Luis Galvan',NULL,NULL,'3843512345','donrfe@dnjv.com',NULL,'2023-03-08 19:01:33',0),(157,'eefewfd',NULL,NULL,'1234567890','vjnrtf@eroinh.com',NULL,'2023-03-08 22:40:45',0),(158,'Luis Galvan',NULL,NULL,'3843512345','donrfe@dnjv.com',NULL,'2023-03-08 23:02:40',0),(159,'Adan Luis',NULL,NULL,'1234567890','sdvjnfev@sdjef.com',NULL,'2023-03-08 23:03:57',0),(160,'asd',NULL,NULL,'1234567890','sdfsadf',NULL,'2023-03-08 23:13:04',0),(161,'dfasdf',NULL,NULL,'1234567890','',NULL,'2023-03-08 23:14:31',0),(162,'',NULL,NULL,'','',NULL,'2023-03-08 23:19:01',0),(163,'prueba ',NULL,NULL,'','prueba@jsjd.cok',NULL,'2023-03-09 18:34:02',0),(164,'prueba w',NULL,NULL,'3164638647','hshshsh@ndjx.xkxj',NULL,'2023-03-09 18:42:49',0),(165,'prueba ',NULL,NULL,'','prueba@jsjd.cok',NULL,'2023-03-09 18:45:38',0),(166,'Marco',NULL,NULL,NULL,'francisanielaschettino@gmail.com',NULL,'2023-03-09 19:22:17',0),(167,'Marco',NULL,NULL,NULL,'francisanielaschettino@gmail.com',NULL,'2023-03-09 19:24:30',0),(168,'Marco',NULL,NULL,NULL,'francisanielaschettino@gmail.com',NULL,'2023-03-09 19:32:44',0),(169,'pruebahw hshs',NULL,NULL,'','prueba@jsjd.cok',NULL,'2023-03-09 19:37:30',0),(170,'Marco',NULL,NULL,NULL,'francisanielaschettino@gmail.com',NULL,'2023-03-09 19:39:09',0),(171,'gahwhahw',NULL,NULL,'','gwuwgus@yshbdo.kxkd',NULL,'2023-03-09 19:40:06',0),(172,'Marco',NULL,NULL,NULL,'francisanielaschettino@gmail.com',NULL,'2023-03-09 19:40:10',0),(173,'prueba',NULL,NULL,'','prueba@jsjd.cok',NULL,'2023-03-09 19:42:33',0),(174,'ywgwhsgs',NULL,NULL,'6431516181','sjushs@hejeis.jdid',NULL,'2023-03-09 19:46:09',0),(175,'hahahsh',NULL,NULL,'6484344846','yayagwywgwy@ehehd.xomd',NULL,'2023-03-09 19:55:57',0),(176,'whuag',NULL,NULL,'','gdusgjz@ndidkd.kxkd',NULL,'2023-03-09 19:57:54',0),(177,'ygwgwhsvsygs',NULL,NULL,'','hahsgus@hdkdn.dijd',NULL,'2023-03-09 19:58:32',0),(178,'gahagag',NULL,NULL,'5464845486','hsushs@hdid.kdk',NULL,'2023-03-09 20:01:56',0),(179,'gwhavhsgshs',NULL,NULL,'6131813484','vaydgsudh@jdkd.sksj',NULL,'2023-03-09 20:03:01',0),(180,'gwhvwhsgssf',NULL,NULL,'6464845485','vshsgsy@hshsi.dkdk',NULL,'2023-03-09 20:03:37',0),(181,'ywygwsggs',NULL,NULL,'5131815151','gwysgsy@jsjd.djdi',NULL,'2023-03-09 20:07:03',0),(182,'gwywgsggsgs',NULL,NULL,'5154515454','vaydgsudh@jdkd.ssksj',NULL,'2023-03-09 20:08:03',0),(183,'prueba',NULL,NULL,'','prueba@jsjd.cok',NULL,'2023-03-09 20:19:53',0),(184,'prueba',NULL,NULL,'','francisanielaschettino@gmail.com',NULL,'2023-03-09 20:21:43',0),(185,'prueba',NULL,NULL,'','francisanielaschettino@gmail.com',NULL,'2023-03-09 20:24:18',0),(186,'prueba',NULL,NULL,'','prueba@jsjd.cok',NULL,'2023-03-09 20:38:44',0),(187,'prueba',NULL,NULL,'','francisanielaschettino@gmail.com',NULL,'2023-03-09 20:39:51',0),(188,'prueba',NULL,NULL,'','francisanielaschettino@gmail.com',NULL,'2023-03-09 20:42:55',0),(189,'Marco',NULL,NULL,NULL,'marcoa@gmail.com',NULL,'2023-03-09 21:36:04',0),(190,'Marco',NULL,NULL,NULL,'francisanielaschettino@gmail.com',NULL,'2023-03-09 21:36:44',0),(191,'Marco',NULL,NULL,NULL,'francisanielaschettino@gmail.com',NULL,'2023-03-09 21:38:26',0),(192,'Marco',NULL,NULL,NULL,'francisanielaschettino@gmail.com',NULL,'2023-03-09 21:41:42',0),(193,'Marco',NULL,NULL,NULL,'francisanielaschettino@gmail.com',NULL,'2023-03-09 21:42:16',0),(194,'Marco',NULL,NULL,NULL,'francisanielaschettino@gmail.com',NULL,'2023-03-09 21:53:24',0),(195,'ywysvsg',NULL,NULL,'6445348454','cshsgsysh@jsjdiddm.kdixjd',NULL,'2023-03-09 21:54:12',0),(196,'Marco',NULL,NULL,NULL,'francisanielaschettino@gmail.com',NULL,'2023-03-09 21:56:12',0),(197,'ushshshsh',NULL,NULL,'6494348161','bwhwh@hdjdjd.kck',NULL,'2023-03-09 21:56:18',0),(198,'Marco',NULL,NULL,NULL,'francisanielaschettino@gmail.com',NULL,'2023-03-09 21:57:37',0),(199,'Marco',NULL,NULL,NULL,'francisanielaschettino@gmail.com',NULL,'2023-03-09 21:58:34',0),(200,'Marco',NULL,NULL,NULL,'francisanielaschettino@gmail.com',NULL,'2023-03-09 21:59:27',0),(201,'hahagsh',NULL,NULL,'6164618518','vwhwhhs@ndnd.kdkdkd.oddj',NULL,'2023-03-09 22:00:27',0),(202,'gayagxjdbsh',NULL,NULL,'5131816484','ghsushsu@hshsud.jdj',NULL,'2023-03-09 22:02:31',0),(203,'heuehss',NULL,NULL,'8131515161','vshdgsuhd@codh.com',NULL,'2023-03-09 22:06:44',0),(204,'fauwvajhs',NULL,NULL,'5131861018','gsugsusgshw@ndnd.kdj',NULL,'2023-03-09 22:07:55',0),(205,'usiehsheh',NULL,NULL,'','gsusgjwh@hdjd.kfm',NULL,'2023-03-09 22:08:45',0),(206,'dixhkxyss',NULL,NULL,'','fhfjud@cji.bb',NULL,'2023-03-09 22:11:04',0),(207,'vgb',NULL,NULL,'','fgg@fg.com',NULL,'2023-03-09 22:13:45',0),(208,'vahgsusgs',NULL,NULL,'','hshshsh@ndjx.xkxj',NULL,'2023-03-09 22:20:15',0),(209,'marco Antonio',NULL,NULL,'','marcoa12318@gmail.com',NULL,'2023-03-09 22:21:47',0),(210,'udheuheh',NULL,NULL,'','yshshsuhd@dk.com',NULL,'2023-03-09 22:23:00',0),(211,'qghshsh',NULL,NULL,'3154351318','gsusgjwh@hdjd.kfm',NULL,'2023-03-09 22:24:39',0),(212,'hahahssh',NULL,NULL,'','hahsgus@hdkdn.dijd',NULL,'2023-03-09 22:30:56',0),(213,'udhdudh',NULL,NULL,'6464646454','vshdgsuhd@codh.com',NULL,'2023-03-09 22:39:33',0),(214,'hsksv',NULL,NULL,'','dygy@fhj.vok',NULL,'2023-03-09 22:42:39',0),(215,'hwhshshs',NULL,NULL,'','hshshsh@ndjx.xkxj',NULL,'2023-03-09 22:47:45',0),(216,'yshshsh',NULL,NULL,'','gayagaysy@co.net',NULL,'2023-03-09 22:48:33',0),(217,'gwysgsy',NULL,NULL,'','gsugsusgshw@ndnd.kdj',NULL,'2023-03-09 22:50:45',0),(218,'gsusgjwh',NULL,NULL,'','yshvshsb@jsj.oxkd',NULL,'2023-03-09 22:51:29',0),(219,'hshshsh',NULL,NULL,'','hshshsh@ndjx.xkxj',NULL,'2023-03-09 22:54:51',0),(220,'gaywgus',NULL,NULL,'3181681888','gahagays@gshsj.com',NULL,'2023-03-09 23:07:10',0),(221,'ushsusu',NULL,NULL,'6464646446','ueyeysydus@fkx.ckdn',NULL,'2023-03-09 23:07:35',0),(222,'hshshsushwuegeu',NULL,NULL,'4334454613','usuauadidj@md.kxk',NULL,'2023-03-09 23:09:46',0),(223,'hwhagahag',NULL,NULL,'','gwysgsy@jsjd.djdi',NULL,'2023-03-09 23:11:59',0),(224,'sufjvj',NULL,NULL,'','gsugsusgshw@ndnd.kdj',NULL,'2023-03-09 23:17:42',0),(225,'gayagaysy',NULL,NULL,'','gwuwgus@yshbdo.kxkd',NULL,'2023-03-09 23:20:15',0),(226,'afgano',NULL,NULL,'','fhfjud@cji.bb',NULL,'2023-03-09 23:21:24',0),(227,'hshshshe',NULL,NULL,'','gsugsusgshw@ndnd.kdj',NULL,'2023-03-09 23:23:57',0),(228,'hahwuahw',NULL,NULL,'','hsushs@hdid.kdh',NULL,'2023-03-09 23:24:41',0),(229,'gayagay',NULL,NULL,'6131516168','gwuwgus@yshbdo.kxkd',NULL,'2023-03-10 14:24:50',0),(230,'hahagshahshshw',NULL,NULL,'6431516181','hshshsh@ndjx.xkxj',NULL,'2023-03-10 14:25:49',0),(231,'hshshsha',NULL,NULL,'','hyayevehud@ndjd.odm',NULL,'2023-03-10 14:28:01',0),(232,'yshshsh',NULL,NULL,'','usudhhdh@ndnd.krj',NULL,'2023-03-10 14:28:24',0),(233,'hahahah',NULL,NULL,'','hshshsh@ndjx.xkxj',NULL,'2023-03-10 14:34:14',0),(234,'fgyushhs',NULL,NULL,'','fagwfaywf@gahajw.jsks',NULL,'2023-03-10 14:35:52',0),(235,'Luis Galvan',NULL,NULL,'1234567890','Galvan69@hvideos.com',NULL,'2023-03-10 17:15:49',0),(236,'Luis Galvan',NULL,NULL,'3843512345','donrfe@dnjv.com',NULL,'2023-03-10 17:26:46',0),(237,'ewfefsgferg',NULL,NULL,'1234567890','slceljrgnvg@eurhg.com',NULL,'2023-03-10 17:27:11',0),(238,'Luis Galvan',NULL,NULL,'3843512345','donrfe@dnjv.com',NULL,'2023-03-10 17:27:17',0),(239,'Luis Galvan',NULL,NULL,'3843512345','donrfe@dnjv.com',NULL,'2023-03-10 17:30:03',0),(240,'marco Antonio',1,NULL,'','marcoa12318@gmail.com',NULL,'2023-03-10 18:59:56',0),(241,'adan',1,NULL,'2316166666','agdjsndbej@dji.djdons',NULL,'2023-03-10 20:09:47',0),(242,'hshzz',1,NULL,'','gwuwgus@yshbdo.kxk',NULL,'2023-03-10 21:54:34',0),(243,'alone',1,NULL,'','gsugsusgshw@ndnd.kdj',NULL,'2023-03-10 21:55:17',0),(244,'alone',1,NULL,'3464648484','vshsgsy@hshsi.dkdk',NULL,'2023-03-10 21:57:05',0),(245,'alone',1,NULL,'5131821815','fagwfaywf@gahajw.jsks',NULL,'2023-03-10 21:59:06',0),(246,'Luis Galvan',NULL,NULL,'3843512345','donrfe@dnjv.com',NULL,'2023-03-13 15:01:47',0),(247,'Luis Galvan',NULL,NULL,'3843512345','donrfe@dnjv.com',NULL,'2023-03-13 15:04:10',0),(248,'Keren Cruz',NULL,NULL,'3310453334','weijf@ewof.com',NULL,'2023-03-13 15:06:54',0),(249,'Luis Galvan',NULL,NULL,'3843512345','donrfe@dnjv.com',NULL,'2023-03-13 15:13:15',0),(250,'Luis Galvan',NULL,NULL,'3843512345','donrfe@dnjv.com',NULL,'2023-03-13 15:14:13',0),(251,'Luis Galvan',NULL,NULL,'3843512345','donrfe@dnjv.com',NULL,'2023-03-13 15:15:07',0),(252,'Luis Galvan',NULL,NULL,'3843512345','donrfe@dnjv.com',NULL,'2023-03-13 15:26:35',0),(253,'Luis Galvan',NULL,NULL,'3843512345','donrfe@dnjv.com',NULL,'2023-03-13 15:59:06',0),(254,'Luis Galvan',NULL,NULL,'3843512345','donrfe@dnjv.com',NULL,'2023-03-13 16:01:17',0),(255,'Luis Galvan',NULL,NULL,'3843512345','donrfe@dnjv.com',NULL,'2023-03-13 16:15:38',0),(256,'vicente',NULL,'04144640008','04144640008','francisanielaschettino@gmail.com',NULL,'2023-03-13 16:36:53',0),(257,'vicente',NULL,'04144640008','04144640008','francisanielaschettino@gmail.com',NULL,'2023-03-13 16:40:01',0),(258,'Vicente',NULL,'04144640008','04144640008','francisanielaschettino@gmail.com',NULL,'2023-03-13 16:57:51',0),(259,'Luis Galvan',NULL,NULL,'3843512345','donrfe@dnjv.com',NULL,'2023-03-13 16:58:25',0),(260,'Luis Galvan',NULL,NULL,'3843512345','donrfe@dnjv.com',NULL,'2023-03-13 17:01:28',0),(261,'Luis Galvan',NULL,NULL,'3843512345','donrfe@dnjv.com',NULL,'2023-03-13 17:02:10',0),(262,'Luis Galvan',NULL,NULL,'3843512345','donrfe@dnjv.com',NULL,'2023-03-13 17:03:52',0),(263,'Luis Galvan',NULL,NULL,'3843512345','donrfe@dnjv.com',NULL,'2023-03-13 17:05:41',0),(264,'Luis Galvan',NULL,NULL,'3843512345','donrfe@dnjv.com',NULL,'2023-03-13 17:05:58',0),(265,'Luis Galvan',NULL,NULL,'3843512345','donrfe@dnjv.com',NULL,'2023-03-13 17:55:01',0),(266,'Luis Galvan',NULL,NULL,'3843512345','donrfe@dnjv.com',NULL,'2023-03-13 17:55:54',0),(267,'Luis Galvan',NULL,NULL,'3843512345','donrfe@dnjv.com',NULL,'2023-03-13 17:58:19',0),(268,'Luis Galvan',NULL,NULL,'3843512345','donrfe@dnjv.com',NULL,'2023-03-13 17:58:57',0),(269,'Luis Galvan',NULL,NULL,'3843512345','donrfe@dnjv.com',NULL,'2023-03-13 17:59:16',0),(270,'Luis Galvan',NULL,NULL,'3843512345','donrfe@dnjv.com',NULL,'2023-03-13 18:00:35',0),(271,'Luis Galvan',NULL,NULL,'3843512345','donrfe@dnjv.com',NULL,'2023-03-13 18:01:27',0),(272,'Luis Galvan',NULL,NULL,'3843512345','donrfe@dnjv.com',NULL,'2023-03-13 18:09:17',0),(273,'Luis Galvan',NULL,NULL,'3843512345','donrfe@dnjv.com',NULL,'2023-03-13 18:10:37',0),(274,'Luis Galvan',NULL,NULL,'3843512345','donrfe@dnjv.com',NULL,'2023-03-13 18:12:06',0),(275,'Luis Galvan',NULL,NULL,'3843512345','donrfe@dnjv.com',NULL,'2023-03-13 18:12:25',0),(276,'Luis Galvan',NULL,NULL,'3843512345','donrfe@dnjv.com',NULL,'2023-03-13 18:14:31',0),(277,'Luis Galvan',NULL,NULL,'3843512345','donrfe@dnjv.com',NULL,'2023-03-13 18:16:18',0),(278,'Keren Cruz',NULL,NULL,'3310453334','weijf@ewof.com',NULL,'2023-03-13 18:26:36',0),(279,'Keren Cruz',NULL,NULL,'3310453334','weijf@ewof.com',NULL,'2023-03-13 18:27:14',0),(280,'Luis Galvan',NULL,NULL,'3843512345','donrfe@dnjv.com',NULL,'2023-03-13 18:31:20',0),(281,'Luis Galvan',NULL,NULL,'3843512345','donrfe@dnjv.com',NULL,'2023-03-13 18:32:09',0),(282,'Luis Galvan',NULL,NULL,'3843512345','donrfe@dnjv.com',NULL,'2023-03-13 18:35:44',0),(283,'Luis Galvan',NULL,NULL,'3843512345','donrfe@dnjv.com',NULL,'2023-03-13 18:42:31',0),(284,'Luis Galvan',NULL,NULL,'3843512345','donrfe@dnjv.com',NULL,'2023-03-13 18:43:38',0),(285,'Luis Galvan',NULL,NULL,'3843512345','donrfe@dnjv.com',NULL,'2023-03-13 18:50:09',0),(286,'Luis Galvan',NULL,NULL,'3843512345','donrfe@dnjv.com',NULL,'2023-03-13 18:50:27',0),(287,'Luis Galvan',NULL,NULL,'3843512345','donrfe@dnjv.com',NULL,'2023-03-13 18:51:41',0),(288,'Luis Galvan',NULL,NULL,'3843512345','donrfe@dnjv.com',NULL,'2023-03-13 18:52:13',0),(289,'Marco Antonio Montoya Gonzalez',NULL,NULL,'2243535403','suhir.@euv.com',NULL,'2023-03-13 18:52:22',0),(290,'Luis Galvan',NULL,NULL,'3843512345','donrfe@dnjv.com',NULL,'2023-03-13 18:57:04',0),(291,'Luis Galvan',NULL,NULL,'3843512345','donrfe@dnjv.com',NULL,'2023-03-13 18:58:23',0),(292,'Luis Galvan',NULL,NULL,'3843512345','donrfe@dnjv.com',NULL,'2023-03-13 18:58:40',0),(293,'Luis Galvan',NULL,NULL,'3843512345','donrfe@dnjv.com',NULL,'2023-03-13 18:58:52',0),(294,'Luis Galvan',NULL,NULL,'3843512345','donrfe@dnjv.com',NULL,'2023-03-13 19:17:09',0),(295,'Luis Galvan',NULL,NULL,'3843512345','donrfe@dnjv.com',NULL,'2023-03-13 19:17:27',0),(296,'Luis Galvan',NULL,NULL,'3843512345','donrfe@dnjv.com',NULL,'2023-03-13 19:23:24',0),(297,'Luis Galvan',NULL,NULL,'3843512345','donrfe@dnjv.com',NULL,'2023-03-13 19:23:43',0),(298,'Luis Galvan',NULL,NULL,'3843512345','donrfe@dnjv.com',NULL,'2023-03-13 19:28:46',0),(299,'Luis Galvan',NULL,NULL,'3843512345','donrfe@dnjv.com',NULL,'2023-03-13 19:38:28',0),(300,'Luis Galvan',NULL,NULL,'3843512345','donrfe@dnjv.com',NULL,'2023-03-13 19:55:28',0),(301,'Luis Galvan',NULL,NULL,'3843512345','donrfe@dnjv.com',NULL,'2023-03-13 19:55:53',0),(302,'Luis Galvan',NULL,NULL,'3843512345','donrfe@dnjv.com',NULL,'2023-03-13 19:56:19',0),(303,'Luis Galvan',NULL,NULL,'3843512345','donrfe@dnjv.com',NULL,'2023-03-13 19:56:41',0),(304,'Luis Galvan',NULL,NULL,'3843512345','donrfe@dnjv.com',NULL,'2023-03-13 19:59:46',0),(305,'Luis Galvan',NULL,NULL,'3843512345','donrfe@dnjv.com',NULL,'2023-03-13 20:00:42',0),(306,'Luis Galvan',NULL,NULL,'3843512345','donrfe@dnjv.com',NULL,'2023-03-13 20:06:31',0),(307,'Luis Galvan',NULL,NULL,'3843512345','donrfe@dnjv.com',NULL,'2023-03-13 20:08:44',0),(308,'Luis Galvan',NULL,NULL,'3843512345','donrfe@dnjv.com',NULL,'2023-03-13 20:09:19',0),(309,'Luis Galvan',NULL,NULL,'3843512345','donrfe@dnjv.com',NULL,'2023-03-13 20:09:38',0),(310,'Luis Galvan',NULL,NULL,'3843512345','donrfe@dnjv.com',NULL,'2023-03-13 20:10:00',0),(311,'Luis Galvan',NULL,NULL,'3843512345','donrfe@dnjv.com',NULL,'2023-03-13 20:10:30',0),(312,'Luis Galvan',NULL,NULL,'3843512345','donrfe@dnjv.com',NULL,'2023-03-13 20:10:53',0),(313,'Luis Galvan',NULL,NULL,'3843512345','donrfe@dnjv.com',NULL,'2023-03-13 20:12:21',0),(314,'Luis Galvan',NULL,NULL,'3843512345','donrfe@dnjv.com',NULL,'2023-03-13 20:12:34',0),(315,'Luis Galvan',NULL,NULL,'3843512345','donrfe@dnjv.com',NULL,'2023-03-13 21:30:23',0),(316,'Luis Galvan',NULL,NULL,'3843512345','donrfe@dnjv.com',NULL,'2023-03-13 21:31:01',0),(317,'Luis Galvan',NULL,NULL,'3843512345','donrfe@dnjv.com',NULL,'2023-03-13 21:31:18',0),(318,'Luis Galvan',NULL,NULL,'3843512345','donrfe@dnjv.com',NULL,'2023-03-13 21:31:31',0),(319,'Luis Galvan',NULL,NULL,'3843512345','donrfe@dnjv.com',NULL,'2023-03-13 21:32:04',0),(320,'Luis Galvan',NULL,NULL,'3843512345','donrfe@dnjv.com',NULL,'2023-03-13 22:11:14',0),(321,'Marco Antonio Montoya Gonzalez',NULL,NULL,'5666567890','ieywgfyier@9eruhg.com',NULL,'2023-03-13 22:20:35',0),(322,'Marco Antonio Montoya Gonzalez',NULL,NULL,'1234567890','pijounverg@ourehg.com',NULL,'2023-03-13 22:23:27',0),(323,'Marco Antonio Montoya Gonzalez',NULL,NULL,'3234567890','oihscunfer@ruehg.com',NULL,'2023-03-13 22:36:09',0),(324,'Marco Antonio Montoya Gonzalez',NULL,NULL,'1234567890','weiufnw@doiv.com',NULL,'2023-03-14 14:20:33',0),(325,'Keren Cruz',NULL,NULL,'2232312345','keren.cruz@hotmail.com',NULL,'2023-03-14 14:35:03',0),(326,'Luis Galvan',NULL,NULL,'3843512345','donrfe@dnjv.com',NULL,'2023-03-14 14:41:39',0),(327,'Fernanda Maldonado Gonazlez',NULL,NULL,'1234567890','fergi.gon@gmail.com',NULL,'2023-03-14 14:42:35',0),(328,'Luis Galvan',NULL,NULL,'3843512345','donrfe@dnjv.com',NULL,'2023-03-14 14:42:53',0),(329,'Marco Antonio Montoya Gonzalez',NULL,NULL,'1234123456','sdfasd@imfwe.com',NULL,'2023-03-14 16:43:54',0),(330,'Luis Galvan',NULL,NULL,'3323456789','EMAIL@gmail.com',NULL,'2023-03-14 17:28:54',0),(331,'Luis Galvan',NULL,NULL,'3310521123','luisgalvanortiz3@gmail.com',NULL,'2023-03-14 17:31:49',0),(332,'Luis Galvan',NULL,NULL,'1234567890','Luisgalvan2@gmail.com',NULL,'2023-03-14 17:36:30',0),(333,'Luis Galvan',NULL,NULL,'1234567890','luisgalvsnporn@xvids.com',NULL,'2023-03-14 17:38:45',0),(334,'MacOS',NULL,NULL,'1234567890','jdnvr@oidjfg.com',NULL,'2023-03-14 17:43:07',0),(335,'Luis Galvan',NULL,NULL,'3843512345','donrfe@dnjv.com',NULL,'2023-03-14 17:48:53',0),(336,'Luis Galvan',NULL,NULL,'3843512345','donrfe@dnjv.com',NULL,'2023-03-14 17:51:09',0),(337,'Luis Galvan dhggkjhlhnkñ',NULL,NULL,'3843512345','donrhfxcfxfxfgvjhfe@dnjv.com',NULL,'2023-03-14 17:51:51',0),(338,'Luis Galvan',NULL,NULL,'1234567890','wiejfr@oiwejf.com',NULL,'2023-03-14 17:55:45',0),(339,'Luis Galvan',NULL,NULL,'1234567890','wiejfr@oiwejf.com',NULL,'2023-03-14 17:57:48',0),(340,'Luis Galvan',NULL,NULL,'1234567890','a',NULL,'2023-03-14 17:58:59',0),(341,'Luis Galvan',NULL,NULL,'1234567890','a',NULL,'2023-03-14 17:59:18',0),(342,'Luis Galvan',NULL,NULL,'1234567890','wiejfr@oiwejf.com',NULL,'2023-03-14 18:01:40',0),(343,'Luis Galvan',NULL,NULL,'1234567890','wiejfr@oiwejf.com',NULL,'2023-03-14 18:02:49',0),(344,'Luis Galvan',NULL,NULL,'1234567890','wiejfr@oiwejf.com',NULL,'2023-03-14 18:04:53',0),(345,'Luis Galvan',NULL,NULL,'1234567890','wiejfr@oiwejf.com',NULL,'2023-03-14 18:05:32',0),(346,'Luis Galvan',NULL,NULL,'1234567890','wiejfr@oiwejf.com',NULL,'2023-03-14 18:06:11',0),(347,'Luis Galvan',NULL,NULL,'1234567890','wiejfr@oiwejf.com',NULL,'2023-03-14 18:09:04',0),(348,'Luis Galvan',NULL,NULL,'1234567890','wiejfr@oiwejf.com',NULL,'2023-03-14 18:10:22',0),(349,'Luis Galvan',NULL,NULL,'1234567890','wiejfr@oiwejf.com',NULL,'2023-03-14 18:14:57',0),(350,'Luis Galvan',NULL,NULL,'1234567890','wiejfr@oiwejf.com',NULL,'2023-03-14 18:17:16',0),(351,'Luis Galvan',NULL,NULL,'1234567890','wiejfr@oiwejf.com',NULL,'2023-03-14 18:17:51',0),(352,'Luis Galvan',NULL,NULL,'1234567890','wiejfr@oiwejf.com',NULL,'2023-03-14 18:18:11',0),(353,'Luis Galvan',NULL,NULL,'1234567890','wiejfr@oiwejf.com',NULL,'2023-03-14 18:18:31',0),(354,'Luis Galvan',NULL,NULL,'1234567890','wiejfr@oiwejf.com',NULL,'2023-03-14 18:19:30',0),(355,'Luis Galvan',NULL,NULL,'1234567890','wiejfr@oiwejf.com',NULL,'2023-03-14 18:21:04',0),(356,'Luis Galvan',NULL,NULL,'1234567890','wiejfr@oiwejf.com',NULL,'2023-03-14 18:23:11',0),(357,'Luis Galvan',NULL,NULL,'1234567890','wiejfr@oiwejf.com',NULL,'2023-03-14 18:25:48',0),(358,'Luis Galvan',NULL,NULL,'1234567890','wiejfr@oiwejf.com',NULL,'2023-03-14 18:26:30',0),(359,'Luis Galvan',NULL,NULL,'1234567890','wiejfr@oiwejf.com',NULL,'2023-03-14 18:27:55',0),(360,'Luis Galvan',NULL,NULL,'1234567890','wiejfr@oiwejf.com',NULL,'2023-03-14 18:28:29',0),(361,'Luis Galvan',NULL,NULL,'1234567890','wiejfr@oiwejf.com',NULL,'2023-03-14 18:32:45',0),(362,'Luis Galvan',NULL,NULL,'1234567890','wiejfr@oiwejf.com',NULL,'2023-03-14 18:34:44',0),(363,'Luis Galvan',NULL,NULL,'1234567890','wiejfr@oiwejf.com',NULL,'2023-03-14 18:35:22',0),(364,'Luis Galvan',NULL,NULL,'1234567890','wiejfr@oiwejf.com',NULL,'2023-03-14 18:38:16',0),(365,'Luis Galvan',NULL,NULL,'1234567890','wiejfr@oiwejf.com',NULL,'2023-03-14 18:40:47',0),(366,'Luis Galvan',NULL,NULL,'1234567890','wiejfr@oiwejf.com',NULL,'2023-03-14 18:42:24',0),(367,'Luis Galvan',NULL,NULL,'1234567890','wiejfr@oiwejf.com',NULL,'2023-03-14 18:47:06',0),(368,'Luis Galvan',NULL,NULL,'1234567890','wiejfr@oiwejf.com',NULL,'2023-03-14 18:48:54',0),(369,'Luis Galvan',NULL,NULL,'1234567890','wiejfr@oiwejf.com',NULL,'2023-03-14 18:51:22',0),(370,'Luis Galvan',NULL,NULL,'1234567890','wiejfr@oiwejf.com',NULL,'2023-03-14 18:52:49',0),(371,'Luis Galvan',NULL,NULL,'1234567890','wiejfr@oiwejf.com',NULL,'2023-03-14 18:56:04',0),(372,'Luis Galvan',NULL,NULL,'1234567890','wiejfr@oiwejf.com',NULL,'2023-03-14 19:02:03',0),(373,'Luis Galvan',NULL,NULL,'1234567890','wiejfr@oiwejf.com',NULL,'2023-03-14 19:06:04',0),(374,'Luis Galvan',NULL,NULL,'1234567890','wiejfr@oiwejf.com',NULL,'2023-03-14 19:14:10',0),(375,'Luis Galvan',NULL,NULL,'1234567890','wiejfr@oiwejf.com',NULL,'2023-03-14 19:17:06',0),(376,'Luis Galvan',NULL,NULL,'1234567890','wiejfr@oiwejf.com',NULL,'2023-03-14 19:23:51',0),(377,'Luis Galvan',NULL,NULL,'1234567890','wiejfr@oiwejf.com',NULL,'2023-03-14 19:24:07',0),(378,'Luis Galvan',NULL,NULL,'1234567890','wiejfr@oiwejf.com',NULL,'2023-03-14 19:25:56',0),(379,'Luis Galvan',NULL,NULL,'1234567890','wiejfr@oiwejf.com',NULL,'2023-03-14 19:28:00',0),(380,'Luis Galvan',NULL,NULL,'1234567890','wiejfr@oiwejf.com',NULL,'2023-03-14 19:29:19',0),(381,'Luis Galvan',NULL,NULL,'1234567890','wiejfr@oiwejf.com',NULL,'2023-03-14 19:30:19',0),(382,'Luis Galvan',NULL,NULL,'1234567890','wiejfr@oiwejf.com',NULL,'2023-03-14 19:33:59',0),(383,'Luis Galvan',NULL,NULL,'1234567890','wiejfr@oiwejf.com',NULL,'2023-03-14 19:39:16',0),(384,'Luis Galvan',NULL,NULL,'1234567890','wiejfr@oiwejf.com',NULL,'2023-03-14 19:42:51',0),(385,'Luis Galvan',NULL,NULL,'1234567890','wiejfr@oiwejf.com',NULL,'2023-03-14 19:45:22',0),(386,'Luis Galvan',NULL,NULL,'1234567890','wiejfr@oiwejf.com',NULL,'2023-03-14 19:48:28',0),(387,'Luis Galvan',NULL,NULL,'1234567890','wiejfr@oiwejf.com',NULL,'2023-03-14 19:50:19',0),(388,'Luis Galvan',NULL,NULL,'1234567890','wiejfr@oiwejf.com',NULL,'2023-03-14 19:51:39',0),(389,'Luis Galvan',NULL,NULL,'1234567890','wiejfr@oiwejf.com',NULL,'2023-03-14 19:54:33',0),(390,'Luis Galvan',NULL,NULL,'1234567890','wiejfr@oiwejf.com',NULL,'2023-03-14 19:54:56',0),(391,'Luis Galvan',NULL,NULL,'1234567890','wiejfr@oiwejf.com',NULL,'2023-03-14 19:55:41',0),(392,'Luis Galvan',NULL,NULL,'1234567890','wiejfr@oiwejf.com',NULL,'2023-03-14 19:56:20',0),(393,'Luis Galvan',NULL,NULL,'1234567890','wiejfr@oiwejf.com',NULL,'2023-03-14 19:56:41',0),(394,'Luis Galvan',NULL,NULL,'1234567890','wiejfr@oiwejf.com',NULL,'2023-03-14 19:57:31',0),(395,'Luis Galvan',NULL,NULL,'1234567890','wiejfr@oiwejf.com',NULL,'2023-03-14 19:58:46',0),(396,'Luis Galvan',NULL,NULL,'1234567890','wiejfr@oiwejf.com',NULL,'2023-03-14 21:20:28',0),(397,'Luis Galvan',NULL,NULL,'1234567890','wiejfr@oiwejf.com',NULL,'2023-03-14 21:23:28',0),(398,'Luis Galvan',NULL,NULL,'1234567890','wiejfr@oiwejf.com',NULL,'2023-03-14 21:24:46',0),(399,'Luis Galvan',NULL,NULL,'1234567890','wiejfr@oiwejf.com',NULL,'2023-03-14 21:26:09',0),(400,'Luis Galvan',NULL,NULL,'1234567890','wiejfr@oiwejf.com',NULL,'2023-03-14 21:26:39',0),(401,'Luis Galvan',NULL,NULL,'1234567890','wiejfr@oiwejf.com',NULL,'2023-03-14 21:26:53',0),(402,'Luis Galvan',NULL,NULL,'1234567890','wiejfr@oiwejf.com',NULL,'2023-03-14 21:27:20',0),(403,'Luis Galvan',NULL,NULL,'1234567890','wiejfr@oiwejf.com',NULL,'2023-03-14 21:27:40',0),(404,'Luis Galvan',NULL,NULL,'1234567890','wifssfbfbejfr@oiwejf.com',NULL,'2023-03-14 21:27:57',0),(405,'Luis Galvan',NULL,NULL,'1234567890','wifssfbfbejfr@oiwejf.com',NULL,'2023-03-14 21:28:29',0),(406,'Luis Galvan',NULL,NULL,'1234567890','wifssfbfbejfr@oiwejf.com',NULL,'2023-03-14 21:30:10',0),(407,'Luis Galvan',NULL,NULL,'1234567890','wifssfbfbejfr@oiwejf.com',NULL,'2023-03-14 21:30:34',0),(408,'Luis Galvan',NULL,NULL,'1234567890','wifssfbfbejfr@oiwejf.com',NULL,'2023-03-14 21:33:16',0),(409,'Luis Galvan',NULL,NULL,'1234567890','wifssfbfbejfr@oiwejf.com',NULL,'2023-03-14 21:49:09',0),(410,'Luis Galvan',NULL,NULL,'1234567890','wieuhf@9uehwf.com',NULL,'2023-03-14 22:04:33',0),(411,'Eveline Lauren Galvan',NULL,NULL,'1222879546','lau.eth@gmail.com',NULL,'2023-03-14 22:51:25',0),(412,'Luis Galvan',NULL,NULL,'1234567890','wifssfbfbejfr@oiwejf.com',NULL,'2023-03-14 23:02:14',0),(413,'Luis Galvan',NULL,NULL,'1234567890','00000001r@oiwejf.com',NULL,'2023-03-14 23:02:34',0),(414,'Luis Galvan',NULL,NULL,'1234567890','00000002r@oiwejf.com',NULL,'2023-03-14 23:02:48',0),(415,'Luis Galvan',NULL,NULL,'1234567890','00000003r@oiwejf.com',NULL,'2023-03-14 23:03:05',0),(416,'Luis Galvan',NULL,NULL,'1234567890','00000004r@oiwejf.com',NULL,'2023-03-14 23:03:19',0),(417,'Luis Galvan',NULL,NULL,'1234567890','0000asxvvaya5r@oiwejf.com',NULL,'2023-03-14 23:03:41',0),(418,'Luis Galvan',NULL,NULL,'1234567890','0000asxvvayannnnn6r@oiwejf.com',NULL,'2023-03-14 23:03:59',0),(419,'Luis ghdjfhk hffjgkb Galvan',NULL,NULL,'1234567890','0000asxvvayannnnn7r@oiwejf.com',NULL,'2023-03-14 23:04:22',0),(420,'Luis ghdjfhk hffjgkb Galvan',NULL,NULL,'1234567890','0000asxvvayannnnn8r@oiwejf.com',NULL,'2023-03-14 23:04:44',0),(421,'Luis ghdjfhk hffjgkb Galvan',NULL,NULL,'1234567890','0000asxvvayannnnn9r@oiwejf.com',NULL,'2023-03-14 23:05:00',0),(422,'Luis ghdjfhk hffjgkb Galvan',NULL,NULL,'1234567890','0000asxvvayannnn10r@oiwejf.com',NULL,'2023-03-14 23:05:26',0),(423,'Luis ghdjfhk hffjgkb Galvan',NULL,NULL,'1234567890','0000asxvvayannnn11r@oiwejf.com',NULL,'2023-03-14 23:05:50',0),(424,'Luis ghdjfhk hffjgkb Galvan',NULL,NULL,'1234567890','0000asxvvayannnn12r@oiwejf.com',NULL,'2023-03-14 23:06:11',0),(425,'Luis ghdjfhk hffjgkb Galvan',NULL,NULL,'1234567890','0000asxvvayannnn13r@oiwejf.com',NULL,'2023-03-14 23:06:35',0),(426,'Luis ghdjfhk hffjgkb Galvan',NULL,NULL,'1234567890','0000asxvvayannnn14r@oiwejf.com',NULL,'2023-03-14 23:06:59',0),(427,'Luis ghdjfhk hffjgkb Galvan',NULL,NULL,'1234567890','0000asxvvayannnn15r@oiwejf.com',NULL,'2023-03-14 23:07:53',0),(428,'Luis ghdjfhk hffjgkb Galvan',NULL,NULL,'1234567890','0000asxvvayannnn16r@oiwejf.com',NULL,'2023-03-14 23:08:26',0),(429,'Luis ghdjfhk hffjgkb Galvan',NULL,NULL,'1234567890','0000asxvvayannnn17r@oiwejf.com',NULL,'2023-03-14 23:09:00',0),(430,'Luis ghdjfhk hffjgkb Galvan',NULL,NULL,'1234567890','0000asxvvayannnn18r@oiwejf.com',NULL,'2023-03-14 23:09:27',0),(431,'Luis ghdjfhk hffjgkb Galvan',NULL,NULL,'1234567890','0000asxvvayannnn19r@oiwejf.com',NULL,'2023-03-14 23:09:41',0),(432,'Luis ghdjfhk hffjgkb Galvan',NULL,NULL,'1234567890','0000asxvvayannnn20r@oiwejf.com',NULL,'2023-03-14 23:10:06',0),(433,'Luis ghdjfhk hffjgkb Galvan',NULL,NULL,'1234567890','0000asxvvayannnn21r@oiwejf.com',NULL,'2023-03-14 23:10:20',0),(434,'Luis ghdjfhk hffjgkb Galvan',NULL,NULL,'1234567890','0000asxvvayannnn22r@oiwejf.com',NULL,'2023-03-14 23:10:35',0),(435,'Luis ghdjfhk hffjgkb Galvan',NULL,NULL,'1234567890','0000asxvvayannnn23r@oiwejf.com',NULL,'2023-03-14 23:23:31',0),(436,'Luis ghdjfhk hffjgkb Galvan',NULL,NULL,'1234567890','0000asxvvayannnn24r@oiwejf.com',NULL,'2023-03-14 23:25:33',0),(437,'Luis ghdjfhk hffjgkb Galvan',NULL,NULL,'1234567890','0000asxvvayannnn25r@oiwejf.com',NULL,'2023-03-14 23:29:27',0),(438,'Luis ghdjfhk hffjgkb Galvan',NULL,NULL,'1234567890','0000asxvvayannnn26r@oiwejf.com',NULL,'2023-03-14 23:33:00',0),(439,'Luis ghdjfhk hffjgkb Galvan',NULL,NULL,'1234567890','0000asxvvayannnn27r@oiwejf.com',NULL,'2023-03-14 23:34:10',0),(440,'Luis ghdjfhk hffjgkb Galvan',NULL,NULL,'1234567890','0000asxvvayannnn28r@oiwejf.com',NULL,'2023-03-14 23:38:40',0),(441,'José Luis',1,NULL,'3310251815','luiiyigandark243@gmail.com',NULL,'2023-03-15 12:05:40',0),(442,'Luis Galvan',NULL,NULL,'1234567890','wiejfr@oiwejf.com',NULL,'2023-03-15 14:20:05',0),(443,'Luis Galvan',NULL,NULL,'1234567890','wiejfr@oiwejf.com',NULL,'2023-03-15 14:22:02',0),(444,'Luis Galvan',NULL,NULL,'1234567890','wiejfr000000000000000000001@oiwejf.com',NULL,'2023-03-15 14:24:35',0),(445,'Luis Galvan',NULL,NULL,'1234567890','wiejfr000000000000000000002@oiwejf.com',NULL,'2023-03-15 14:25:03',0),(446,'Luis Galvan',NULL,NULL,'1234567890','wiejfr000000000000000000002@oiwejf.com',NULL,'2023-03-15 17:40:05',0),(447,'Luis Galvan',NULL,NULL,'1234567890','wiejfr000000000000000000002@oiwejf.com',NULL,'2023-03-15 18:03:39',0),(448,'Luis Galvan',NULL,NULL,'1234567890','wiejfr000000000000000000002@oiwejf.com',NULL,'2023-03-15 18:06:15',0),(449,'Luis Galvan',NULL,NULL,'1234567890','wiejfr000000000000000000002@oiwejf.com',NULL,'2023-03-15 18:07:44',0),(450,'Luis Galvan',NULL,NULL,'1234567890','wiejfr000000000000000000002@oiwejf.com',NULL,'2023-03-15 18:08:40',0),(451,'Luis Galvan',NULL,NULL,'1234567890','wiejfr000000000000000000002@oiwejf.com',NULL,'2023-03-15 18:17:42',0),(452,'Luis Galvan',NULL,NULL,'1234567890','wiejfr000000000000000000002@oiwejf.com',NULL,'2023-03-15 18:18:55',0),(453,'Luis Galvan',NULL,NULL,'1234567890','wiejfr000000000000000000002@oiwejf.com',NULL,'2023-03-15 18:19:17',0),(454,'Luis Galvan',NULL,NULL,'1234567890','wiejfr000000000000000000002@oiwejf.com',NULL,'2023-03-15 18:22:28',0),(455,'Luis Galvan',NULL,NULL,'1234567890','wiejfr000000000000000000002@oiwejf.com',NULL,'2023-03-15 18:24:25',0),(456,'Luis Galvan',NULL,NULL,'1234567890','wiejfr000000000000000000003@oiwejf.com',NULL,'2023-03-15 18:24:54',0),(457,'Adan Sánchez Luis',1,NULL,'3131245484','adansanchez194@gmail.com',NULL,'2023-03-15 18:36:33',0),(458,'Jose Luis Galvan',NULL,NULL,'1234567890','ewfodremfprm@pire.com',NULL,'2023-03-15 22:16:11',0),(459,'Marco Antonio Montoya Gonzalez',NULL,NULL,'1234567890','marcoa12318@gmail.com',NULL,'2023-03-15 22:27:37',0),(460,'marco a',NULL,NULL,'1234567890','marcoa12318@gmail.com',NULL,'2023-03-15 22:29:10',0),(461,'Son Goku',NULL,NULL,'1333434565','goku@dbz.com',NULL,'2023-03-15 22:31:22',0),(462,'Gustavo Garcia',NULL,NULL,'1234567890','marcoa12318@gmail.com',NULL,'2023-03-16 14:46:04',0),(463,'Prueba',NULL,NULL,'1234567890','aoeu@aoeu.com',NULL,'2023-03-16 15:23:36',0),(464,'Adan sanchez',1,NULL,'1364970852','adansanchez194@gmail.com',NULL,'2023-03-16 15:26:27',0),(465,'marco',1,NULL,'','marcoa12318@gmail.com',NULL,'2023-03-16 15:54:07',0),(466,'Marco',NULL,NULL,'1234567890','marcoa@gmail.com',NULL,'2023-03-16 16:00:13',0),(467,'Marco',NULL,NULL,'1234567891','marcoa@gmail.com',NULL,'2023-03-16 16:00:57',0),(468,'adan',1,NULL,'5343834606','adansanchez194@gmail.com',NULL,'2023-03-16 16:03:47',0),(469,'Marco',NULL,NULL,'1234567891','marcoa@gmail.com',NULL,'2023-03-16 16:06:57',0),(470,'Marco',NULL,NULL,'1234567891','marcoa@gmail.com',NULL,'2023-03-16 16:07:38',0),(471,'Luis Galvan',NULL,NULL,'1234567890','wiejfr@oiwejf.com',NULL,'2023-03-16 16:22:20',0),(472,'Luis Galvan',NULL,NULL,'1234567890','wiejfr@oiwejf.com',NULL,'2023-03-16 16:30:24',0),(473,'Luis Galvan',NULL,NULL,'1234567890','wiejfr@oiwejf.com',NULL,'2023-03-16 16:33:49',0),(474,'Luis Galvan',NULL,NULL,'1234567890','wiejfr@oiwejf.com',NULL,'2023-03-16 17:18:53',0),(475,'Luis Galvan',NULL,NULL,'1234567890','wiejfr@oiwejf.com',NULL,'2023-03-16 19:52:19',0),(476,'prueba nueva',1,NULL,'3126494068','adansanchez194@gmail.com',NULL,'2023-03-16 19:53:01',0),(477,'Marco',NULL,NULL,'1234567890','marcoa@gmail.com',NULL,'2023-03-16 21:05:08',0),(478,'Luis Galvan',NULL,NULL,'1234567890','wiejfr@oiwejf.com',NULL,'2023-03-16 21:37:34',0),(479,'Luis Galvan',NULL,NULL,'1234567890','wiejfr@oiwejf.com',NULL,'2023-03-16 21:38:03',0),(480,'Luis Galvan',NULL,NULL,'1234567890','wiejfr@oiwejf.com',NULL,'2023-03-16 21:38:56',0),(481,'Luis Galvan',NULL,NULL,'1234567890','wiejfr@oiwejf.com',NULL,'2023-03-16 21:39:20',0),(482,'Marco Montoya',NULL,NULL,'1234567890','manco@aoeu.com',NULL,'2023-03-16 21:41:35',0),(483,'Luis Galvan',3,NULL,'3310521118','luiiyigandark27@gmail.com',NULL,'2023-03-16 21:55:41',0),(484,'Adan',NULL,NULL,'1234586890','adan@aoeu.com',NULL,'2023-03-16 22:01:54',0),(485,'Adan Sanchez',1,NULL,'1213454648','gahagays@gshsj.com',NULL,'2023-03-16 22:02:28',0),(486,'adan',1,NULL,'1234567890','ghsushsu@hshsud.jdj',NULL,'2023-03-16 22:06:35',0),(487,'prueba regreso',1,NULL,'1234568970','yshshsuhd@dk.com',NULL,'2023-03-16 22:07:14',0),(488,'Jose Luis Galvan Ortiz',1,NULL,'1234567890','ednuvf@oeiv.com',NULL,'2023-03-17 14:42:26',0),(489,'Jose Luis',0,NULL,'1234567890','euwofnr@eufiur.com',NULL,'2023-03-17 14:49:45',0),(490,'Jose Luis',2,NULL,'1234567890','euwofnr@eufiur.com',NULL,'2023-03-17 14:50:57',0),(491,'Marco',NULL,NULL,'1234567890','aoeuaueo@aoeu.com',NULL,'2023-03-17 14:52:56',0),(492,'Jose Luis',1,NULL,'1234567890','welnnjoer@pief.com',NULL,'2023-03-17 14:52:57',0),(493,'Jose Luis',1,NULL,'1234567890','woferunf@e9uhf.com',NULL,'2023-03-17 15:23:48',0),(494,'Jose Luis',2,NULL,'1234567890','weofjneorf@9uewhfuhr.com',NULL,'2023-03-17 15:25:42',0),(495,'Jose Luis',1,NULL,'1234567890','rtrgkm@itorg.com',NULL,'2023-03-17 15:30:36',0),(496,'rosa',2,NULL,'1324546784','ashdhsud@jsj.didn',NULL,'2023-03-17 16:28:17',0),(497,'Luis Galvan',NULL,NULL,'1234567890','wiejfr@oiwejf.com',NULL,'2023-03-17 16:35:27',0),(498,'Luis Galvan',NULL,NULL,'1234567890','wiejfr@oiwejf.com',NULL,'2023-03-17 16:56:58',0),(499,'Luis Galvan',NULL,NULL,'1234567890','wiejfr@oiwejf.com',NULL,'2023-03-17 16:58:09',0),(500,'Sundar Pichai',0,NULL,'1234567890','asijcoir@uewg.com',NULL,'2023-03-17 19:07:00',0),(501,'Sundar Pichai',0,NULL,'1234567890','asijcoir@uewg1.com',NULL,'2023-03-17 19:11:42',0),(502,'Sundar Pichai',0,NULL,'1234567890','asijcoir@uewg3.com',NULL,'2023-03-17 19:12:43',0),(503,'Sundar Pichai',0,NULL,'1234567890','asijcoir@uewg4.com',NULL,'2023-03-17 19:13:07',0),(504,'Sundar Pichai',0,NULL,'1234567890','asijcoir@uewg5.com',NULL,'2023-03-17 19:14:35',0),(505,'Sundar Pichai',0,NULL,'1234567890','asijcoir@uewg6.com',NULL,'2023-03-17 19:18:26',0),(506,'Sundar Pichai',0,NULL,'1234567890','asijcoir@uewg7.com',NULL,'2023-03-17 19:20:29',0),(507,'Sundar Pichai',0,NULL,'1234567890','asijcoir@uewg8.com',NULL,'2023-03-17 19:21:47',0),(508,'Sundar Pichai',0,NULL,'1234567890','asijcoir@uewg9.com',NULL,'2023-03-17 19:25:28',0),(509,'Sundar Pichai',0,NULL,'1234567890','asijcoir@uewg10.com',NULL,'2023-03-17 19:26:34',0),(510,'Sundar Pichai',0,NULL,'1234567890','asijcoir@uewg11.com',NULL,'2023-03-17 19:27:58',0),(511,'Sundar Pichai',0,NULL,'1234567890','asijcoir@uewg12.com',NULL,'2023-03-17 19:29:03',0),(512,'Sunda',0,NULL,'1234567890','asijcoir@uewg13.com',NULL,'2023-03-17 19:32:11',0),(513,'.',0,NULL,'','asd@a.com',NULL,'2023-03-22 16:35:06',0),(514,'.',0,NULL,'','a@a.com',NULL,'2023-03-22 16:35:57',0),(515,'a a',0,NULL,'','a@a.com',NULL,'2023-03-22 16:37:00',0),(516,'a a',0,NULL,'','albertocorrea1@gmail.com',NULL,'2023-03-22 16:40:51',0),(517,'Marco Antonio',0,NULL,'1234567890','aoeui@oaeu.com',NULL,'2023-03-22 17:07:44',0),(518,'aoeu',1,NULL,'1234567890','aoeuaoeu@aoe.com',NULL,'2023-03-22 17:09:25',0),(519,'Sundar Pichai',0,NULL,'1234567890','asijcoir@uewg.com',NULL,'2023-03-22 17:37:02',0),(520,'Keren Cruz ',0,NULL,'1234567890','wefieor@oewuf.com',NULL,'2023-03-22 17:37:10',0),(521,'Sundar Pichai',0,NULL,'1234567890','asijcoir@uewg.com',NULL,'2023-03-22 17:38:02',0),(522,'Jose Luis',0,NULL,'1234567890','dewofjr@ieojf.com',NULL,'2023-03-22 17:46:35',0),(523,'Jose Macair ',0,NULL,'1234567890','widjueof@oeinf.com',NULL,'2023-03-22 17:48:12',0),(524,'Jose Macair ',0,NULL,'1234567890','widjueof@oeinf.com',NULL,'2023-03-22 17:50:12',0),(525,'regg',0,NULL,'1234567890','gtrhrt@ouehv.com',NULL,'2023-03-22 18:23:32',0),(526,'dnjenfi',0,NULL,'1234567890','qwpijfme@oerjigr.com',NULL,'2023-03-22 18:25:49',0),(527,'rftg',0,NULL,'1234567890','oduvnciuefv@iwejf.com',NULL,'2023-03-22 18:27:46',0),(528,'rfergetg',0,NULL,'1234567890','dofjfrn@oreviu.com',NULL,'2023-03-22 18:31:50',0),(529,'frefreg',0,NULL,'1234567899','oeuncur@oiefmi.com',NULL,'2023-03-22 18:33:31',0),(530,'pasmcdsmc',0,NULL,'1234567890','dpnjfv@idjvfd.com',NULL,'2023-03-22 18:35:37',0),(531,'Jsoe ',0,NULL,'1234567890','wefkmerkfm@eimfor.com',NULL,'2023-03-22 18:38:21',0),(532,'efdewf',0,NULL,'1234567890','weifjoeirnv@euhrgige.com',NULL,'2023-03-22 18:40:21',0),(533,'cwoidc',0,NULL,'1234567890','wiejfoue@ewijf.com',NULL,'2023-03-22 18:43:53',0),(534,'rgtg',0,NULL,'1234567890','ewonfr@eijfor.com',NULL,'2023-03-22 18:49:27',0),(535,'prueba, no aceptada',0,NULL,'1234567890','asijcoir@uewg.com',NULL,'2023-03-23 16:24:18',0),(536,'powekmf',0,NULL,'1234567890','lwenfjnr@eowunf.com',NULL,'2023-03-23 17:20:48',0),(537,'eqwfcwef',0,NULL,'1234567890','euhvnrf@ruehgi.com',NULL,'2023-03-23 17:22:13',0),(538,'ewfr',0,NULL,'1234567890','ewkvfr@ewjonf.com',NULL,'2023-03-23 18:31:49',0),(539,'efjnodr',0,NULL,'1234567890','enfortv@runvt.com',NULL,'2023-03-23 19:14:40',0),(540,'vrojmvijrbv',0,NULL,'1234567890','feht@rnfirt.com',NULL,'2023-03-23 19:16:45',0),(541,'jose wqmpffe',0,NULL,'1234567890','wehfr@irjeg.com',NULL,'2023-03-23 19:31:04',0),(542,'dwbeihbf',0,NULL,'1234567890','iwbefuew@oeuwf.com',NULL,'2023-03-23 19:33:26',0),(543,'idneownfcoen',0,NULL,'1234567890','wenfroungouergn@ewjfu.com',NULL,'2023-03-23 19:33:59',0),(544,'qwpdmpqwd',0,NULL,'1234567890','o2undiur@eu9hwf.com',NULL,'2023-03-23 19:34:41',0),(545,'Adan Sanchez',0,NULL,'1234567890','weojfn@euhf.com',NULL,'2023-03-23 19:35:37',0),(546,'Jose Luis Galvan ',0,NULL,'1234567890','luisgalvanortiz3@gmail.com',NULL,'2023-03-23 19:36:25',0),(547,'asd',0,NULL,'1234567890','asda@sda.com',NULL,'2023-03-23 19:51:06',0),(548,'Keren Cruz Martinez',0,NULL,'1234567890','kerenyiitamar28@gmail.com',NULL,'2023-04-03 17:18:28',0),(549,'Fernana Gonzalez Maldonado',0,NULL,'3333333224','ewfw@eid.com',NULL,'2023-04-04 14:59:16',0),(550,'Katia Blanco Gutierrez',0,NULL,'3333333224','ewfw@eid.com',NULL,'2023-04-04 15:01:42',0),(551,'Paulina Lopez Galvan',0,NULL,'3333333224','ewfw@eid.com',NULL,'2023-04-04 15:02:17',0),(552,'Jose Luis Galvan',0,NULL,'3333333224','ewfw@eid.com',NULL,'2023-04-04 15:03:11',0),(553,'Marco Montoya',0,NULL,'3333333224','ewfw@eid.com',NULL,'2023-04-04 15:03:31',0),(554,'Steve Jobs',0,NULL,'3333333224','ewfw@eid.com',NULL,'2023-04-04 15:04:14',0),(555,'Lauren Eve Mayberry',0,NULL,'3333333224','ewfw@eid.com',NULL,'2023-04-04 15:04:37',0),(556,'Marlene',0,NULL,'3333333224','ewfw@eid.com',NULL,'2023-04-04 15:05:39',0),(557,'Lauren Eve Mayberry',0,NULL,'3333333224','ewfw@eid.com',NULL,'2023-04-04 15:06:52',0),(558,'Adan Sanchez',1,NULL,'1213454648','gahagays@gshsj.com',NULL,'2023-04-05 15:25:15',0),(559,'Adan Sanchez',1,NULL,'1213454648','gahagays@gshsj.com',NULL,'2023-04-05 15:34:52',0),(560,'Adan Sanchez',1,NULL,'1213454648','gahagays@gshsj.com',NULL,'2023-04-05 15:35:35',0),(561,'Adan Sanchez',1,NULL,'1213454648','gahagays@gshsj.com',NULL,'2023-04-05 15:36:16',0),(562,'Adan Sanchez',1,NULL,'1213454643','gahagays@gshsj.com',NULL,'2023-04-05 15:36:42',0),(563,'Adan Sanchez',1,NULL,'1213454648','gahagays@gshsj.com',NULL,'2023-04-05 15:38:33',0),(564,'Adan Sanchez',1,NULL,'1213454648','gahagays@gshsj.com',NULL,'2023-04-05 15:39:50',0),(565,'Luis',1,NULL,'331052116','hshxjd@kkd.com',NULL,'2023-04-05 15:40:39',0),(566,'José',1,NULL,'33105211','jdhdj@jdjd.com',NULL,'2023-04-05 15:41:13',0),(567,'dvdbdndnfnf',0,NULL,'11111','scsbsgev@bebeb.dbdn',NULL,'2023-04-05 15:41:43',0),(568,'Keren Cruz Martinez',0,NULL,'1234567890','kerenyiitamar28@gmail.com',NULL,'2023-04-05 15:49:10',0),(569,'Marco',2,NULL,'1234567891','marcoa@gmail.com',NULL,'2023-04-05 15:56:21',0),(570,'José Luis',1,NULL,'3310521115','Luis_Galvan@gmail.com',NULL,'2023-04-05 16:08:47',0),(571,'Daniel Zumaya',0,NULL,'1234567890','danielpend36@gmail.com',NULL,'2023-04-10 14:56:13',0),(572,'Cleo Patra',1,NULL,NULL,'aniela.sh@gmail.com',NULL,'2023-04-13 21:07:04',1),(573,'Cleo Patra',1,NULL,NULL,'aniela.sh@gmail.com',NULL,'2023-04-13 21:14:24',1),(574,'Cleo Patra',1,NULL,NULL,'aniela.sh@gmail.com',NULL,'2023-04-13 21:20:11',1),(575,'Cleo Patra',1,NULL,NULL,'aniela.sh@gmail.com',NULL,'2023-04-13 21:26:02',1),(576,'Cleo Patra',1,NULL,NULL,'aniela.sh@gmail.com',NULL,'2023-04-13 21:26:49',1),(577,'Cleo Patra',1,NULL,NULL,'aniela.sh@gmail.com',NULL,'2023-04-13 21:31:51',1),(578,'Cleo Patra',1,NULL,NULL,'aniela.sh@gmail.com',NULL,'2023-04-13 21:37:28',1),(579,'Cleo Patra',1,NULL,NULL,'aniela.sh@gmail.com',NULL,'2023-04-13 21:40:30',1),(580,'Cleo Patra',1,NULL,NULL,'aniela.sh@gmail.com',NULL,'2023-04-13 21:42:38',1),(581,'Cleo Patra',1,NULL,NULL,'aniela.sh@gmail.com',NULL,'2023-04-13 21:57:07',1),(582,'Cleo Patra',1,NULL,NULL,'aniela.sh@gmail.com',NULL,'2023-04-13 22:04:00',1),(583,'Cleo Patra',1,NULL,NULL,'aniela.sh@gmail.com',NULL,'2023-04-13 22:21:19',1),(584,'Cleo Patra',1,NULL,NULL,'aniela.sh@gmail.com',NULL,'2023-04-13 22:23:39',1),(585,'Cleo Patra',1,NULL,NULL,'aniela.sh@gmail.com',NULL,'2023-04-13 22:32:31',1),(586,'Cleo Patra',1,NULL,NULL,'aniela.sh@gmail.com',NULL,'2023-04-13 22:33:57',1),(587,'Cleo Patra',1,NULL,NULL,'aniela.sh@gmail.com',NULL,'2023-04-13 22:36:37',1),(588,'Cleo Patra',1,NULL,NULL,'aniela.sh@gmail.com',NULL,'2023-04-13 22:39:17',1),(589,'Cleo Patra',1,NULL,NULL,'aniela.sh@gmail.com',NULL,'2023-04-13 22:42:16',1),(590,'Cleo Patra',1,NULL,NULL,'aniela.sh@gmail.com',NULL,'2023-04-13 22:47:55',1),(591,'Cleo Patra',1,NULL,NULL,'aniela.sh@gmail.com',NULL,'2023-04-13 22:49:50',1),(592,'Cleo Patra',1,NULL,NULL,'aniela.sh@gmail.com',NULL,'2023-04-13 22:55:39',1),(593,'prueba de servicio',0,NULL,'1234560789','prueba@jsjd.cok',NULL,'2023-04-13 23:02:33',0),(594,'prueba de servicio',0,NULL,'1234560789','prueba@jsjd.cok',NULL,'2023-04-13 23:27:56',0),(595,'prueba de servicio',0,NULL,'1234560789','prueba@jsjd.cok',NULL,'2023-04-14 14:19:50',0),(596,'prueba de servicio',0,NULL,'1234560789','prueba@jsjd.cok',NULL,'2023-04-14 14:34:34',0),(597,'prueba de servicio',0,NULL,'1234560789','prueba@jsjd.cok',NULL,'2023-04-14 14:35:05',0),(598,'prueba de servicio',0,NULL,'1234560789','prueba@jsjd.cok',NULL,'2023-04-14 14:46:28',0),(599,'prueba de servicio',0,NULL,'1234560789','prueba@jsjd.cok',NULL,'2023-04-14 14:49:50',0),(600,'prueba de servicio',0,NULL,'1234560789','prueba@jsjd.cok',NULL,'2023-04-14 14:54:28',0),(601,'prueba de servicio',0,NULL,'1234560789','prueba@jsjd.cok',NULL,'2023-04-14 14:56:10',0),(602,'prueba de servicio',0,NULL,'1234560789','prueba@jsjd.cok',NULL,'2023-04-14 15:30:28',0),(603,'prueba de servicio',0,NULL,'1234560789','prueba@jsjd.cok',NULL,'2023-04-14 15:31:00',0),(604,'prueba de servicio',0,NULL,'1234560789','prueba@jsjd.cok',NULL,'2023-04-14 15:31:48',0),(605,'prueba de servicio',0,NULL,'1234560789','prueba@jsjd.cok',NULL,'2023-04-14 15:36:26',0),(606,'prueba full',1,NULL,'3571590852','pruebafull@jsjd.cok',NULL,'2023-04-14 17:47:42',0),(607,'Jse Luis Galvan Ortiz',1,NULL,'1234567890','owefouew@iweh.com',NULL,'2023-04-14 17:56:37',0),(608,'prueba final',2,NULL,'9876453120','pruebafnal@jsjd.cok',NULL,'2023-04-17 17:33:28',0),(609,'Adan Sanchez',0,NULL,'3216549870','pruebaboton@nose.app',NULL,'2023-04-19 19:10:41',0),(610,'Adan Sanchez',1,NULL,'3216549870','pruebaboton@nose.app',NULL,'2023-04-19 21:45:03',0),(611,'Adan Sanchez',1,NULL,'3216549870','pruebaboton@nose.app',NULL,'2023-04-19 23:34:28',0),(612,'Adan Sanchez',1,NULL,'3216549870','pruebaboton@nose.app',NULL,'2023-04-20 14:46:31',0),(613,'Adan Sanchez',1,NULL,'3216549870','pruebaboton@nose.app',NULL,'2023-04-20 16:20:28',0),(614,'Adan Sanchez',1,NULL,'3216549870','pruebaboton@nose.app',NULL,'2023-04-20 18:06:55',0),(615,'Adan Sanchez',1,NULL,'3216549870','pruebaboton@nose.app',NULL,'2023-04-20 18:53:24',0),(616,'Adan Sanchez',1,NULL,'3216549870','pruebaboton@nose.app',NULL,'2023-04-20 22:01:36',0),(617,'Adan Sanchez',1,NULL,'3216549870','pruebaboton@nose.app',NULL,'2023-04-20 22:05:15',0),(618,'Adan Sanchez',1,NULL,'3216549870','pruebaboton@nose.app',NULL,'2023-04-20 22:11:39',0),(619,'Jose Luis',0,NULL,'1234567854','ceoung@eruig.com',NULL,'2023-04-20 22:20:00',0),(620,'Maria Guadalupe Hernandez Davaloz Guerra',0,NULL,'1234565432','papichulo69xxx@tecmm.edu.fatiga.com',NULL,'2023-04-20 22:21:30',0),(621,'Angelina Ortiz Cabrera',0,NULL,'1234563452','angelinaortiz.36@gmail.com',NULL,'2023-04-20 22:39:22',0),(622,'Dulce Maria Guadalupe Gonzalez Figueroa',0,NULL,'1234567345','santafigueroa34.motomami@gmail.com',NULL,'2023-04-20 22:41:36',0),(623,'Adan Sanchez',1,NULL,'3216549870','pruebaboton@nose.app',NULL,'2023-04-20 23:32:25',0),(624,'Adan Sanchez',1,NULL,'3216549870','pruebaboton@nose.app',NULL,'2023-04-20 23:35:10',0),(625,'Jse Luis Galvan Ortiz',1,NULL,'1234567890','owefouew@iweh.com',NULL,'2023-04-21 14:11:42',0),(626,'Juis',0,NULL,'1234567890','lkfnernfl@ouwfuir.com',NULL,'2023-04-21 15:20:39',0),(627,'Jose Luiserrorfailure',0,NULL,'1234567890','djsfnjlsnf@oewinf.com',NULL,'2023-04-21 15:27:39',0),(628,'edlmewmf',0,NULL,'1234567890','welnfrne@eoiwnf.com',NULL,'2023-04-21 17:48:08',0);
/*!40000 ALTER TABLE `persons` ENABLE KEYS */;
UNLOCK TABLES;

--
-- Table structure for table `reservations`
--

DROP TABLE IF EXISTS `reservations`;
/*!40101 SET @saved_cs_client     = @@character_set_client */;
/*!40101 SET character_set_client = utf8 */;
CREATE TABLE `reservations` (
  `Id` bigint(20) NOT NULL AUTO_INCREMENT,
  `IdSpot` bigint(20) DEFAULT NULL COMMENT 'Id del espacio',
  `IdCustomer` bigint(20) DEFAULT NULL,
  `Status` int(11) DEFAULT NULL COMMENT 'Estado del rgistro',
  `IdSales` bigint(20) DEFAULT NULL,
  PRIMARY KEY (`Id`),
  UNIQUE KEY `Id_UNIQUE` (`Id`),
  KEY `FK_reservations_spots_idx` (`IdSpot`),
  KEY `FK_reservations_customers_idx` (`IdCustomer`),
  KEY `reservations_FK` (`IdSales`),
  CONSTRAINT `FK_reservations_customers` FOREIGN KEY (`IdCustomer`) REFERENCES `customers` (`Id`) ON DELETE NO ACTION ON UPDATE NO ACTION,
  CONSTRAINT `FK_reservations_spots` FOREIGN KEY (`IdSpot`) REFERENCES `spots` (`Id`) ON DELETE NO ACTION ON UPDATE NO ACTION,
  CONSTRAINT `reservations_FK` FOREIGN KEY (`IdSales`) REFERENCES `sales` (`Id`)
) ENGINE=InnoDB AUTO_INCREMENT=14 DEFAULT CHARSET=latin1 COLLATE=latin1_swedish_ci COMMENT='Tabla de reservaciones de espacios';
/*!40101 SET character_set_client = @saved_cs_client */;

--
-- Dumping data for table `reservations`
--

LOCK TABLES `reservations` WRITE;
/*!40000 ALTER TABLE `reservations` DISABLE KEYS */;
INSERT INTO `reservations` VALUES (3,122,7,1,1),(4,122,7,1,2),(5,122,7,1,3),(6,122,7,1,4),(7,122,7,1,5),(8,122,7,1,6),(9,122,7,1,7),(10,122,7,1,8),(11,122,7,1,9),(12,122,7,1,10),(13,122,7,1,11);
/*!40000 ALTER TABLE `reservations` ENABLE KEYS */;
UNLOCK TABLES;

--
-- Table structure for table `reservations_schedule`
--

DROP TABLE IF EXISTS `reservations_schedule`;
/*!40101 SET @saved_cs_client     = @@character_set_client */;
/*!40101 SET character_set_client = utf8 */;
CREATE TABLE `reservations_schedule` (
  `Id` bigint(20) NOT NULL AUTO_INCREMENT,
  `IdReservation` bigint(20) DEFAULT NULL COMMENT 'Id de la reservacion',
  `schDate` date DEFAULT NULL,
  `startTime` time DEFAULT NULL COMMENT 'FechaHora Inicio',
  `endTime` time DEFAULT NULL COMMENT 'FechaHora Fin',
  `Status` int(11) DEFAULT 1 COMMENT 'Estado del registro',
  PRIMARY KEY (`Id`),
  UNIQUE KEY `Id_UNIQUE` (`Id`),
  KEY `FK_reservationsschedule_reservations_idx` (`IdReservation`),
  CONSTRAINT `FK_reservationsschedule_reservations` FOREIGN KEY (`IdReservation`) REFERENCES `reservations` (`Id`) ON DELETE NO ACTION ON UPDATE NO ACTION
) ENGINE=InnoDB AUTO_INCREMENT=14 DEFAULT CHARSET=latin1 COLLATE=latin1_swedish_ci COMMENT='Horarios reservados';
/*!40101 SET character_set_client = @saved_cs_client */;

--
-- Dumping data for table `reservations_schedule`
--

LOCK TABLES `reservations_schedule` WRITE;
/*!40000 ALTER TABLE `reservations_schedule` DISABLE KEYS */;
INSERT INTO `reservations_schedule` VALUES (3,3,'2023-05-29','15:00:00','16:00:00',0),(4,4,'2023-05-29','18:00:00','22:00:00',0),(5,5,'2023-05-29','18:00:00','22:00:00',0),(6,6,'2023-05-29','18:00:00','22:00:00',0),(7,7,'2023-05-30','10:00:00','19:00:00',0),(8,8,'2023-06-01','13:00:00','22:00:00',0),(9,9,'2023-06-30','15:00:00','22:00:00',0),(10,10,'2023-06-20','15:00:00','23:00:00',0),(11,11,'2023-06-02','18:00:00','22:00:00',0),(12,12,'2023-07-04','15:00:00','16:00:00',0),(13,13,'2023-07-03','17:00:00','18:00:00',0);
/*!40000 ALTER TABLE `reservations_schedule` ENABLE KEYS */;
UNLOCK TABLES;

--
-- Table structure for table `sales`
--

DROP TABLE IF EXISTS `sales`;
/*!40101 SET @saved_cs_client     = @@character_set_client */;
/*!40101 SET character_set_client = utf8 */;
CREATE TABLE `sales` (
  `Id` bigint(20) NOT NULL AUTO_INCREMENT,
  `IdCustomer` bigint(20) DEFAULT NULL,
  `Date` datetime DEFAULT NULL,
  `total` decimal(9,2) DEFAULT NULL,
  `Status` int(11) DEFAULT NULL,
  `PayDate` datetime DEFAULT NULL,
  PRIMARY KEY (`Id`),
  UNIQUE KEY `Id_UNIQUE` (`Id`),
  KEY `FK_sales_customers_idx` (`IdCustomer`),
  CONSTRAINT `FK_sales_customers` FOREIGN KEY (`IdCustomer`) REFERENCES `customers` (`Id`) ON DELETE NO ACTION ON UPDATE NO ACTION
) ENGINE=InnoDB AUTO_INCREMENT=30 DEFAULT CHARSET=latin1 COLLATE=latin1_swedish_ci;
/*!40101 SET character_set_client = @saved_cs_client */;

--
-- Dumping data for table `sales`
--

LOCK TABLES `sales` WRITE;
/*!40000 ALTER TABLE `sales` DISABLE KEYS */;
INSERT INTO `sales` VALUES (1,7,'2023-05-29 20:42:32',120.00,1,NULL),(2,7,'2023-05-29 22:47:15',480.00,1,NULL),(3,7,'2023-05-29 22:48:01',480.00,1,NULL),(4,7,'2023-05-29 22:51:31',480.00,1,NULL),(5,7,'2023-05-29 23:06:42',1080.00,1,NULL),(6,7,'2023-06-01 17:08:19',1080.00,1,NULL),(7,7,'2023-06-01 19:44:44',840.00,2,'2023-06-01 22:39:41'),(8,7,'2023-06-01 19:45:00',960.00,2,'2023-06-01 22:44:31'),(9,7,'2023-06-02 22:31:04',480.00,2,'2023-06-26 15:49:17'),(10,7,'2023-06-26 17:11:19',120.00,1,NULL),(11,7,'2023-06-26 17:13:10',120.00,1,NULL),(13,8,'2023-07-28 16:16:09',10.00,1,'2023-07-28 16:16:09'),(14,8,'2023-07-28 16:16:09',10.00,1,'2023-07-28 16:16:09'),(15,8,'2023-07-28 16:16:09',10.00,1,'2023-07-28 16:16:09'),(17,8,'2023-07-28 22:09:06',10.00,1,'2023-07-28 22:09:06'),(18,8,'2023-07-28 22:09:06',10.00,1,'2023-07-28 22:09:06'),(19,8,'2023-08-06 18:22:23',1.08,1,'2023-08-06 18:22:23'),(20,8,'2023-08-06 18:27:43',1.08,1,'2023-08-06 18:27:43'),(21,8,'2023-08-06 18:33:14',1.08,1,'2023-08-06 18:33:14'),(22,8,'2023-08-07 00:37:44',1.08,1,'2023-08-07 00:37:44'),(23,8,'2023-08-07 00:39:08',1.08,1,'2023-08-07 00:39:08'),(24,8,'2023-08-06 18:58:30',20.57,1,'2023-08-06 18:58:30'),(25,8,'2023-08-06 18:58:38',20.57,1,'2023-08-06 18:58:38'),(26,8,'2023-08-06 19:00:55',21.65,1,'2023-08-06 19:00:55'),(27,8,'2023-08-06 19:01:44',44.38,1,'2023-08-06 19:01:44'),(28,8,'2023-07-28 22:09:06',10.00,1,'2023-07-28 22:09:06'),(29,8,'2023-08-10 10:26:08',1.08,1,'2023-08-10 10:26:08');
/*!40000 ALTER TABLE `sales` ENABLE KEYS */;
UNLOCK TABLES;

--
-- Table structure for table `sales_detail`
--

DROP TABLE IF EXISTS `sales_detail`;
/*!40101 SET @saved_cs_client     = @@character_set_client */;
/*!40101 SET character_set_client = utf8 */;
CREATE TABLE `sales_detail` (
  `Id` bigint(20) NOT NULL AUTO_INCREMENT,
  `IdSale` bigint(20) DEFAULT NULL,
  `IdConcept` bigint(20) DEFAULT NULL,
  `Quantity` int(11) DEFAULT NULL,
  `Price` decimal(9,2) DEFAULT NULL,
  `Status` int(11) DEFAULT NULL,
  PRIMARY KEY (`Id`),
  UNIQUE KEY `Id_UNIQUE` (`Id`),
  KEY `FK_sales_detail_sales_idx` (`IdSale`),
  KEY `FK_sales_detail_concepts_idx` (`IdConcept`),
  CONSTRAINT `FK_sales_detail_concepts` FOREIGN KEY (`IdConcept`) REFERENCES `concepts` (`Id`) ON DELETE NO ACTION ON UPDATE NO ACTION,
  CONSTRAINT `FK_sales_detail_sales` FOREIGN KEY (`IdSale`) REFERENCES `sales` (`Id`) ON DELETE NO ACTION ON UPDATE NO ACTION
) ENGINE=InnoDB AUTO_INCREMENT=35 DEFAULT CHARSET=latin1 COLLATE=latin1_swedish_ci;
/*!40101 SET character_set_client = @saved_cs_client */;

--
-- Dumping data for table `sales_detail`
--

LOCK TABLES `sales_detail` WRITE;
/*!40000 ALTER TABLE `sales_detail` DISABLE KEYS */;
INSERT INTO `sales_detail` VALUES (1,17,1,6,10.00,1),(7,7,10,7,120.00,2),(8,8,10,8,120.00,2),(9,9,10,4,120.00,1),(10,10,10,1,120.00,1),(11,11,10,1,120.00,1),(12,13,1,10,10.00,1),(13,14,1,10,10.00,1),(14,14,10,2,20.00,1),(15,15,1,10,10.00,1),(16,15,10,2,20.00,1),(18,17,1,1,12.00,1),(19,18,1,1,12.00,1),(20,18,1,6,10.00,1),(21,19,7501003339522,1,1.00,1),(22,20,7501003339522,1,1.00,1),(23,21,7501003339522,1,1.00,1),(24,22,7501003339522,1,1.00,1),(25,23,7501003339522,1,1.00,1),(26,24,7501055301256,1,19.00,1),(27,25,7501055301256,1,19.00,1),(28,26,7501003339522,1,1.00,1),(29,26,7501055301256,1,19.00,1),(30,27,7501003339522,3,3.00,1),(31,27,7501055301256,2,38.00,1),(32,28,1,1,12.00,1),(33,28,1,6,10.00,1),(34,29,7501003339522,1,1.00,1);
/*!40000 ALTER TABLE `sales_detail` ENABLE KEYS */;
UNLOCK TABLES;

--
-- Table structure for table `spots`
--

DROP TABLE IF EXISTS `spots`;
/*!40101 SET @saved_cs_client     = @@character_set_client */;
/*!40101 SET character_set_client = utf8 */;
CREATE TABLE `spots` (
  `Id` bigint(20) NOT NULL AUTO_INCREMENT,
  `IdAccessProfile` bigint(20) DEFAULT NULL,
  `IdConcepts` bigint(20) DEFAULT NULL,
  `name` varchar(40) DEFAULT NULL COMMENT 'Nombre para identificar al spacio',
  `ubication` varchar(20) DEFAULT NULL COMMENT 'Ubicacion del espacio',
  `Status` int(11) DEFAULT NULL COMMENT 'Estado del registro',
  PRIMARY KEY (`Id`),
  UNIQUE KEY `Id_UNIQUE` (`Id`),
  KEY `spots_FK` (`IdAccessProfile`),
  KEY `FK_spots_concepts_idx` (`IdConcepts`),
  CONSTRAINT `FK_spots_concepts` FOREIGN KEY (`IdConcepts`) REFERENCES `concepts` (`Id`) ON DELETE NO ACTION ON UPDATE NO ACTION,
  CONSTRAINT `spots_FK` FOREIGN KEY (`IdAccessProfile`) REFERENCES `access_profiles` (`Id`)
) ENGINE=InnoDB AUTO_INCREMENT=130 DEFAULT CHARSET=latin1 COLLATE=latin1_swedish_ci COMMENT='Espacios de reserva';
/*!40101 SET character_set_client = @saved_cs_client */;

--
-- Dumping data for table `spots`
--

LOCK TABLES `spots` WRITE;
/*!40000 ALTER TABLE `spots` DISABLE KEYS */;
INSERT INTO `spots` VALUES (-1,13,4,'SuPato-Lobby','',1),(122,12,10,'Prueba 01','',1),(123,11,11,'Prueba 02','',1),(124,13,1,'Prueba 02','',1),(129,11,9,'Spot','prueba',1);
/*!40000 ALTER TABLE `spots` ENABLE KEYS */;
UNLOCK TABLES;

--
-- Table structure for table `spots_timetable`
--

DROP TABLE IF EXISTS `spots_timetable`;
/*!40101 SET @saved_cs_client     = @@character_set_client */;
/*!40101 SET character_set_client = utf8 */;
CREATE TABLE `spots_timetable` (
  `Id` bigint(20) NOT NULL AUTO_INCREMENT,
  `idSpot` bigint(20) DEFAULT NULL,
  `Days` varchar(7) DEFAULT NULL COMMENT 'Dias que aplica la disponibilidad\n1=Domingo\n...\n7=Sabado',
  `startTime` time DEFAULT NULL COMMENT 'Hora Inicio de disponibilidad',
  `endTime` time DEFAULT NULL COMMENT 'Hora Fin disponibilidad',
  `Status` int(11) DEFAULT 1 COMMENT 'Estado del registro',
  PRIMARY KEY (`Id`),
  UNIQUE KEY `Id_UNIQUE` (`Id`),
  KEY `FK_spotstimetable_spots_idx` (`idSpot`),
  CONSTRAINT `FK_spotstimetable_spots` FOREIGN KEY (`idSpot`) REFERENCES `spots` (`Id`) ON DELETE NO ACTION ON UPDATE NO ACTION
) ENGINE=InnoDB AUTO_INCREMENT=1368 DEFAULT CHARSET=latin1 COLLATE=latin1_swedish_ci COMMENT='Horario de disponibilidad del espacio';
/*!40101 SET character_set_client = @saved_cs_client */;

--
-- Dumping data for table `spots_timetable`
--

LOCK TABLES `spots_timetable` WRITE;
/*!40000 ALTER TABLE `spots_timetable` DISABLE KEYS */;
INSERT INTO `spots_timetable` VALUES (673,123,'0','08:00:00','08:30:00',1),(674,123,'0','08:30:00','09:00:00',1),(675,123,'0','09:00:00','09:30:00',1),(676,123,'0','09:30:00','10:00:00',1),(677,123,'0','10:00:00','10:30:00',1),(678,123,'0','10:30:00','11:00:00',1),(679,123,'0','11:00:00','11:30:00',1),(680,123,'0','11:30:00','12:00:00',1),(681,123,'0','12:00:00','12:30:00',1),(682,123,'0','12:30:00','13:00:00',1),(683,123,'0','13:00:00','13:30:00',1),(684,123,'0','13:30:00','14:00:00',1),(685,123,'0','14:00:00','14:30:00',1),(686,123,'0','14:30:00','15:00:00',1),(687,123,'0','15:00:00','15:30:00',1),(688,123,'0','15:30:00','16:00:00',1),(689,123,'0','16:00:00','16:30:00',1),(690,123,'0','16:30:00','17:00:00',1),(691,123,'0','17:00:00','17:30:00',1),(692,123,'0','17:30:00','18:00:00',1),(693,123,'0','18:00:00','18:30:00',1),(694,123,'0','18:30:00','19:00:00',1),(695,123,'0','19:00:00','19:30:00',1),(696,123,'0','19:30:00','20:00:00',1),(697,123,'0','20:00:00','20:30:00',1),(698,123,'0','20:30:00','21:00:00',1),(699,123,'0','21:00:00','21:30:00',1),(700,123,'0','21:30:00','22:00:00',1),(701,123,'0','22:00:00','22:30:00',1),(702,123,'0','22:30:00','23:00:00',1),(703,123,'0','23:00:00','23:30:00',1),(704,123,'0','23:30:00','00:00:00',1),(705,123,'0','00:00:00','00:30:00',1),(706,123,'0','00:30:00','01:00:00',1),(707,123,'0','01:00:00','01:30:00',1),(708,123,'0','01:30:00','02:00:00',1),(709,123,'0','02:00:00','02:30:00',1),(710,123,'0','02:30:00','03:00:00',1),(711,123,'0','03:00:00','03:30:00',1),(712,123,'0','03:30:00','04:00:00',1),(713,123,'0','04:00:00','04:30:00',1),(714,123,'0','04:30:00','05:00:00',1),(715,123,'0','05:00:00','05:30:00',1),(716,123,'0','05:30:00','06:00:00',1),(717,123,'0','06:00:00','06:30:00',1),(718,123,'0','06:30:00','07:00:00',1),(719,123,'0','07:00:00','07:30:00',1),(720,123,'0','07:30:00','08:00:00',1),(721,123,'1','08:00:00','08:30:00',1),(722,123,'1','08:30:00','09:00:00',1),(723,123,'1','09:00:00','09:30:00',1),(724,123,'1','09:30:00','10:00:00',1),(725,123,'1','10:00:00','10:30:00',1),(726,123,'1','10:30:00','11:00:00',1),(727,123,'1','11:00:00','11:30:00',1),(728,123,'1','11:30:00','12:00:00',1),(729,123,'1','12:00:00','12:30:00',1),(730,123,'1','12:30:00','13:00:00',1),(731,123,'1','13:00:00','13:30:00',1),(732,123,'1','13:30:00','14:00:00',1),(733,123,'1','14:00:00','14:30:00',1),(734,123,'1','14:30:00','15:00:00',1),(735,123,'1','15:00:00','15:30:00',1),(736,123,'1','15:30:00','16:00:00',1),(737,123,'1','16:00:00','16:30:00',1),(738,123,'1','16:30:00','17:00:00',1),(739,123,'1','17:00:00','17:30:00',1),(740,123,'1','17:30:00','18:00:00',1),(741,123,'1','18:00:00','18:30:00',1),(742,123,'1','18:30:00','19:00:00',1),(743,123,'1','19:00:00','19:30:00',1),(744,123,'1','19:30:00','20:00:00',1),(745,123,'1','20:00:00','20:30:00',1),(746,123,'1','20:30:00','21:00:00',1),(747,123,'1','21:00:00','21:30:00',1),(748,123,'1','21:30:00','22:00:00',1),(749,123,'1','22:00:00','22:30:00',1),(750,123,'1','22:30:00','23:00:00',1),(751,123,'1','23:00:00','23:30:00',1),(752,123,'1','23:30:00','00:00:00',1),(753,123,'1','00:00:00','00:30:00',1),(754,123,'1','00:30:00','01:00:00',1),(755,123,'1','01:00:00','01:30:00',1),(756,123,'1','01:30:00','02:00:00',1),(757,123,'1','02:00:00','02:30:00',1),(758,123,'1','02:30:00','03:00:00',1),(759,123,'1','03:00:00','03:30:00',1),(760,123,'1','03:30:00','04:00:00',1),(761,123,'1','04:00:00','04:30:00',1),(762,123,'1','04:30:00','05:00:00',1),(763,123,'1','05:00:00','05:30:00',1),(764,123,'1','05:30:00','06:00:00',1),(765,123,'1','06:00:00','06:30:00',1),(766,123,'1','06:30:00','07:00:00',1),(767,123,'1','07:00:00','07:30:00',1),(768,123,'1','07:30:00','08:00:00',1),(769,123,'2','08:00:00','08:30:00',1),(770,123,'2','08:30:00','09:00:00',1),(771,123,'2','09:00:00','09:30:00',1),(772,123,'2','09:30:00','10:00:00',1),(773,123,'2','10:00:00','10:30:00',1),(774,123,'2','10:30:00','11:00:00',1),(775,123,'2','11:00:00','11:30:00',1),(776,123,'2','11:30:00','12:00:00',1),(777,123,'2','12:00:00','12:30:00',1),(778,123,'2','12:30:00','13:00:00',1),(779,123,'2','13:00:00','13:30:00',1),(780,123,'2','13:30:00','14:00:00',1),(781,123,'2','14:00:00','14:30:00',1),(782,123,'2','14:30:00','15:00:00',1),(783,123,'2','15:00:00','15:30:00',1),(784,123,'2','15:30:00','16:00:00',1),(785,123,'2','16:00:00','16:30:00',1),(786,123,'2','16:30:00','17:00:00',1),(787,123,'2','17:00:00','17:30:00',1),(788,123,'2','17:30:00','18:00:00',1),(789,123,'2','18:00:00','18:30:00',1),(790,123,'2','18:30:00','19:00:00',1),(791,123,'2','19:00:00','19:30:00',1),(792,123,'2','19:30:00','20:00:00',1),(793,123,'2','20:00:00','20:30:00',1),(794,123,'2','20:30:00','21:00:00',1),(795,123,'2','21:00:00','21:30:00',1),(796,123,'2','21:30:00','22:00:00',1),(797,123,'2','22:00:00','22:30:00',1),(798,123,'2','22:30:00','23:00:00',1),(799,123,'2','23:00:00','23:30:00',1),(800,123,'2','23:30:00','00:00:00',1),(801,123,'2','00:00:00','00:30:00',1),(802,123,'2','00:30:00','01:00:00',1),(803,123,'2','01:00:00','01:30:00',1),(804,123,'2','01:30:00','02:00:00',1),(805,123,'2','02:00:00','02:30:00',1),(806,123,'2','02:30:00','03:00:00',1),(807,123,'2','03:00:00','03:30:00',1),(808,123,'2','03:30:00','04:00:00',1),(809,123,'2','04:00:00','04:30:00',1),(810,123,'2','04:30:00','05:00:00',1),(811,123,'2','05:00:00','05:30:00',1),(812,123,'2','05:30:00','06:00:00',1),(813,123,'2','06:00:00','06:30:00',1),(814,123,'2','06:30:00','07:00:00',1),(815,123,'2','07:00:00','07:30:00',1),(816,123,'2','07:30:00','08:00:00',1),(817,123,'3','08:00:00','08:30:00',1),(818,123,'3','08:30:00','09:00:00',1),(819,123,'3','09:00:00','09:30:00',1),(820,123,'3','09:30:00','10:00:00',1),(821,123,'3','10:00:00','10:30:00',1),(822,123,'3','10:30:00','11:00:00',1),(823,123,'3','11:00:00','11:30:00',1),(824,123,'3','11:30:00','12:00:00',1),(825,123,'3','12:00:00','12:30:00',1),(826,123,'3','12:30:00','13:00:00',1),(827,123,'3','13:00:00','13:30:00',1),(828,123,'3','13:30:00','14:00:00',1),(829,123,'3','14:00:00','14:30:00',1),(830,123,'3','14:30:00','15:00:00',1),(831,123,'3','15:00:00','15:30:00',1),(832,123,'3','15:30:00','16:00:00',1),(833,123,'3','16:00:00','16:30:00',1),(834,123,'3','16:30:00','17:00:00',1),(835,123,'3','17:00:00','17:30:00',1),(836,123,'3','17:30:00','18:00:00',1),(837,123,'3','18:00:00','18:30:00',1),(838,123,'3','18:30:00','19:00:00',1),(839,123,'3','19:00:00','19:30:00',1),(840,123,'3','19:30:00','20:00:00',1),(841,123,'3','20:00:00','20:30:00',1),(842,123,'3','20:30:00','21:00:00',1),(843,123,'3','21:00:00','21:30:00',1),(844,123,'3','21:30:00','22:00:00',1),(845,123,'3','22:00:00','22:30:00',1),(846,123,'3','22:30:00','23:00:00',1),(847,123,'3','23:00:00','23:30:00',1),(848,123,'3','23:30:00','00:00:00',1),(849,123,'3','00:00:00','00:30:00',1),(850,123,'3','00:30:00','01:00:00',1),(851,123,'3','01:00:00','01:30:00',1),(852,123,'3','01:30:00','02:00:00',1),(853,123,'3','02:00:00','02:30:00',1),(854,123,'3','02:30:00','03:00:00',1),(855,123,'3','03:00:00','03:30:00',1),(856,123,'3','03:30:00','04:00:00',1),(857,123,'3','04:00:00','04:30:00',1),(858,123,'3','04:30:00','05:00:00',1),(859,123,'3','05:00:00','05:30:00',1),(860,123,'3','05:30:00','06:00:00',1),(861,123,'3','06:00:00','06:30:00',1),(862,123,'3','06:30:00','07:00:00',1),(863,123,'3','07:00:00','07:30:00',1),(864,123,'3','07:30:00','08:00:00',1),(865,123,'4','08:00:00','08:30:00',1),(866,123,'4','08:30:00','09:00:00',1),(867,123,'4','09:00:00','09:30:00',1),(868,123,'4','09:30:00','10:00:00',1),(869,123,'4','10:00:00','10:30:00',1),(870,123,'4','10:30:00','11:00:00',1),(871,123,'4','11:00:00','11:30:00',1),(872,123,'4','11:30:00','12:00:00',1),(873,123,'4','12:00:00','12:30:00',1),(874,123,'4','12:30:00','13:00:00',1),(875,123,'4','13:00:00','13:30:00',1),(876,123,'4','13:30:00','14:00:00',1),(877,123,'4','14:00:00','14:30:00',1),(878,123,'4','14:30:00','15:00:00',1),(879,123,'4','15:00:00','15:30:00',1),(880,123,'4','15:30:00','16:00:00',1),(881,123,'4','16:00:00','16:30:00',1),(882,123,'4','16:30:00','17:00:00',1),(883,123,'4','17:00:00','17:30:00',1),(884,123,'4','17:30:00','18:00:00',1),(885,123,'4','18:00:00','18:30:00',1),(886,123,'4','18:30:00','19:00:00',1),(887,123,'4','19:00:00','19:30:00',1),(888,123,'4','19:30:00','20:00:00',1),(889,123,'4','20:00:00','20:30:00',1),(890,123,'4','20:30:00','21:00:00',1),(891,123,'4','21:00:00','21:30:00',1),(892,123,'4','21:30:00','22:00:00',1),(893,123,'4','22:00:00','22:30:00',1),(894,123,'4','22:30:00','23:00:00',1),(895,123,'4','23:00:00','23:30:00',1),(896,123,'4','23:30:00','00:00:00',1),(897,123,'4','00:00:00','00:30:00',1),(898,123,'4','00:30:00','01:00:00',1),(899,123,'4','01:00:00','01:30:00',1),(900,123,'4','01:30:00','02:00:00',1),(901,123,'4','02:00:00','02:30:00',1),(902,123,'4','02:30:00','03:00:00',1),(903,123,'4','03:00:00','03:30:00',1),(904,123,'4','03:30:00','04:00:00',1),(905,123,'4','04:00:00','04:30:00',1),(906,123,'4','04:30:00','05:00:00',1),(907,123,'4','05:00:00','05:30:00',1),(908,123,'4','05:30:00','06:00:00',1),(909,123,'4','06:00:00','06:30:00',1),(910,123,'4','06:30:00','07:00:00',1),(911,123,'4','07:00:00','07:30:00',1),(912,123,'4','07:30:00','08:00:00',1),(913,123,'5','08:00:00','08:30:00',1),(914,123,'5','08:30:00','09:00:00',1),(915,123,'5','09:00:00','09:30:00',1),(916,123,'5','09:30:00','10:00:00',1),(917,123,'5','10:00:00','10:30:00',1),(918,123,'5','10:30:00','11:00:00',1),(919,123,'5','11:00:00','11:30:00',1),(920,123,'5','11:30:00','12:00:00',1),(921,123,'5','12:00:00','12:30:00',1),(922,123,'5','12:30:00','13:00:00',1),(923,123,'5','13:00:00','13:30:00',1),(924,123,'5','13:30:00','14:00:00',1),(925,123,'5','14:00:00','14:30:00',1),(926,123,'5','14:30:00','15:00:00',1),(927,123,'5','15:00:00','15:30:00',1),(928,123,'5','15:30:00','16:00:00',1),(929,123,'5','16:00:00','16:30:00',1),(930,123,'5','16:30:00','17:00:00',1),(931,123,'5','17:00:00','17:30:00',1),(932,123,'5','17:30:00','18:00:00',1),(933,123,'5','18:00:00','18:30:00',1),(934,123,'5','18:30:00','19:00:00',1),(935,123,'5','19:00:00','19:30:00',1),(936,123,'5','19:30:00','20:00:00',1),(937,123,'5','20:00:00','20:30:00',1),(938,123,'5','20:30:00','21:00:00',1),(939,123,'5','21:00:00','21:30:00',1),(940,123,'5','21:30:00','22:00:00',1),(941,123,'5','22:00:00','22:30:00',1),(942,123,'5','22:30:00','23:00:00',1),(943,123,'5','23:00:00','23:30:00',1),(944,123,'5','23:30:00','00:00:00',1),(945,123,'5','00:00:00','00:30:00',1),(946,123,'5','00:30:00','01:00:00',1),(947,123,'5','01:00:00','01:30:00',1),(948,123,'5','01:30:00','02:00:00',1),(949,123,'5','02:00:00','02:30:00',1),(950,123,'5','02:30:00','03:00:00',1),(951,123,'5','03:00:00','03:30:00',1),(952,123,'5','03:30:00','04:00:00',1),(953,123,'5','04:00:00','04:30:00',1),(954,123,'5','04:30:00','05:00:00',1),(955,123,'5','05:00:00','05:30:00',1),(956,123,'5','05:30:00','06:00:00',1),(957,123,'5','06:00:00','06:30:00',1),(958,123,'5','06:30:00','07:00:00',1),(959,123,'5','07:00:00','07:30:00',1),(960,123,'5','07:30:00','08:00:00',1),(961,123,'6','08:00:00','08:30:00',1),(962,123,'6','08:30:00','09:00:00',1),(963,123,'6','09:00:00','09:30:00',1),(964,123,'6','09:30:00','10:00:00',1),(965,123,'6','10:00:00','10:30:00',1),(966,123,'6','10:30:00','11:00:00',1),(967,123,'6','11:00:00','11:30:00',1),(968,123,'6','11:30:00','12:00:00',1),(969,123,'6','12:00:00','12:30:00',1),(970,123,'6','12:30:00','13:00:00',1),(971,123,'6','13:00:00','13:30:00',1),(972,123,'6','13:30:00','14:00:00',1),(973,123,'6','14:00:00','14:30:00',1),(974,123,'6','14:30:00','15:00:00',1),(975,123,'6','15:00:00','15:30:00',1),(976,123,'6','15:30:00','16:00:00',1),(977,123,'6','16:00:00','16:30:00',1),(978,123,'6','16:30:00','17:00:00',1),(979,123,'6','17:00:00','17:30:00',1),(980,123,'6','17:30:00','18:00:00',1),(981,123,'6','18:00:00','18:30:00',1),(982,123,'6','18:30:00','19:00:00',1),(983,123,'6','19:00:00','19:30:00',1),(984,123,'6','19:30:00','20:00:00',1),(985,123,'6','20:00:00','20:30:00',1),(986,123,'6','20:30:00','21:00:00',1),(987,123,'6','21:00:00','21:30:00',1),(988,123,'6','21:30:00','22:00:00',1),(989,123,'6','22:00:00','22:30:00',1),(990,123,'6','22:30:00','23:00:00',1),(991,123,'6','23:00:00','23:30:00',1),(992,123,'6','23:30:00','00:00:00',1),(993,123,'6','00:00:00','00:30:00',1),(994,123,'6','00:30:00','01:00:00',1),(995,123,'6','01:00:00','01:30:00',1),(996,123,'6','01:30:00','02:00:00',1),(997,123,'6','02:00:00','02:30:00',1),(998,123,'6','02:30:00','03:00:00',1),(999,123,'6','03:00:00','03:30:00',1),(1000,123,'6','03:30:00','04:00:00',1),(1001,123,'6','04:00:00','04:30:00',1),(1002,123,'6','04:30:00','05:00:00',1),(1003,123,'6','05:00:00','05:30:00',1),(1004,123,'6','05:30:00','06:00:00',1),(1005,123,'6','06:00:00','06:30:00',1),(1006,123,'6','06:30:00','07:00:00',1),(1007,123,'6','07:00:00','07:30:00',1),(1008,123,'6','07:30:00','08:00:00',1),(1309,-1,'0','08:00:00','12:30:00',1),(1310,-1,'0','14:00:00','17:30:00',1),(1311,-1,'1','08:00:00','12:30:00',1),(1312,-1,'1','14:00:00','17:30:00',1),(1313,-1,'2','08:00:00','12:30:00',1),(1314,-1,'2','14:00:00','17:30:00',1),(1315,-1,'3','08:00:00','12:30:00',1),(1316,-1,'3','14:00:00','17:30:00',1),(1317,-1,'4','08:00:00','12:30:00',1),(1318,-1,'4','14:00:00','17:30:00',1),(1361,122,'0','00:00:00','23:30:00',1),(1362,122,'1','00:00:00','23:30:00',1),(1363,122,'2','00:00:00','23:30:00',1),(1364,122,'3','00:00:00','23:30:00',1),(1365,122,'4','00:00:00','23:30:00',1),(1366,122,'5','00:00:00','23:30:00',1),(1367,122,'6','00:00:00','23:30:00',1);
/*!40000 ALTER TABLE `spots_timetable` ENABLE KEYS */;
UNLOCK TABLES;

--
-- Table structure for table `submodule`
--

DROP TABLE IF EXISTS `submodule`;
/*!40101 SET @saved_cs_client     = @@character_set_client */;
/*!40101 SET character_set_client = utf8 */;
CREATE TABLE `submodule` (
  `Id` bigint(20) NOT NULL AUTO_INCREMENT COMMENT 'Identificador del submodulo',
  `IdModule` bigint(20) DEFAULT NULL COMMENT 'Identificador del modulo al que pertenece.',
  `Name` varchar(45) DEFAULT NULL COMMENT 'Nombre del submodulo',
  `Tag` varchar(45) DEFAULT NULL COMMENT 'Identificador en código',
  `Status` varchar(45) DEFAULT NULL COMMENT 'Estatus del submodulo.\\nLista de opciones para StatusType:\\n\\n	0 = Inhabilitado\\n	1 = Habilitado\\n',
  PRIMARY KEY (`Id`),
  UNIQUE KEY `Tag_UNIQUE` (`Tag`),
  KEY `fk_submodule_modules1_idx` (`IdModule`),
  CONSTRAINT `fk_submodule_modules1` FOREIGN KEY (`IdModule`) REFERENCES `modules` (`Id`) ON DELETE NO ACTION ON UPDATE NO ACTION
) ENGINE=InnoDB AUTO_INCREMENT=56 DEFAULT CHARSET=utf8mb3 COLLATE=utf8mb3_general_ci COMMENT='Tabla de los submodulos.';
/*!40101 SET character_set_client = @saved_cs_client */;

--
-- Dumping data for table `submodule`
--

LOCK TABLES `submodule` WRITE;
/*!40000 ALTER TABLE `submodule` DISABLE KEYS */;
INSERT INTO `submodule` VALUES (1,1,'Insert','COMINSERT','1'),(2,1,'Update','COMUPDATE','1'),(3,1,'Delete','COMDELETE','1'),(4,2,'Insert','GATEINSERT','1'),(5,2,'Update','GATEUPDATE','1'),(6,2,'Delete','GATEDELETE','1'),(7,3,'Insert','CUSTINSERT','1'),(8,3,'Update','CUSTUPDATE','1'),(9,3,'Delete','CUSTDELETE','1'),(10,4,'Insert','USERINSERT','1'),(11,4,'Update','USERUPDATE','1'),(12,4,'Delete','USERDELETE','1'),(13,5,'Insert','PROINSERT','1'),(14,5,'Update','PROUPDATE','1'),(15,5,'Delete','PRODELETE','1'),(16,6,'Access','WALACCESS','1'),(17,6,'Record','WALTRADIN','1'),(18,6,'Pay','WALLLETPAY','1'),(19,7,'Insert','OFFINSERT','1'),(20,7,'Update','OFFUPDATE','1'),(21,7,'Delete','OFFDELETE','1'),(22,8,'Access','ACALENACC','1'),(23,9,'Access','CALEACC','1'),(24,10,'Add','ARESERAD','1'),(25,11,'Add','AVISITOAD','1'),(26,11,'Approve','AVAPROAD','1'),(27,12,'Access','AWACCESS','1'),(28,12,'Access all records','AWACEALL','1'),(29,7,'Schedules','OFFSCHEDU','1'),(43,5,'Schedules','PROSCHEDU','1'),(47,1,'Access','COMACCESS','1'),(48,2,'Access','GATEACCESS','1'),(49,3,'Access','CUSTACCESS','1'),(50,4,'Access','USERACCESS','1'),(51,5,'Access','PROACCESS','1'),(52,7,'Access','OFFACCESS','1'),(53,3,'Permissions','CUSTPERMIS','1'),(54,5,'Schedules','PROCHEDU','1'),(55,13,'Earning','REPORTEA','1');
/*!40000 ALTER TABLE `submodule` ENABLE KEYS */;
UNLOCK TABLES;

--
-- Table structure for table `supply`
--

DROP TABLE IF EXISTS `supply`;
/*!40101 SET @saved_cs_client     = @@character_set_client */;
/*!40101 SET character_set_client = utf8 */;
CREATE TABLE `supply` (
  `Id` bigint(20) NOT NULL AUTO_INCREMENT,
  `IdSysUser` bigint(20) DEFAULT NULL,
  `supplyDate` datetime DEFAULT NULL,
  `Status` varchar(2) DEFAULT NULL,
  PRIMARY KEY (`Id`),
  KEY `FK_supply_sysusers_idx` (`IdSysUser`),
  CONSTRAINT `FK_supply_sysusers` FOREIGN KEY (`IdSysUser`) REFERENCES `sysusers` (`Id`) ON DELETE NO ACTION ON UPDATE NO ACTION
) ENGINE=InnoDB AUTO_INCREMENT=8 DEFAULT CHARSET=latin1 COLLATE=latin1_swedish_ci;
/*!40101 SET character_set_client = @saved_cs_client */;

--
-- Dumping data for table `supply`
--

LOCK TABLES `supply` WRITE;
/*!40000 ALTER TABLE `supply` DISABLE KEYS */;
INSERT INTO `supply` VALUES (1,1,'2023-08-06 19:20:12','1'),(2,1,'2023-08-06 19:23:51','1'),(3,1,'2023-07-27 23:03:32','1'),(6,1,'2023-07-27 23:03:32','1'),(7,1,'2023-07-27 23:03:32','1');
/*!40000 ALTER TABLE `supply` ENABLE KEYS */;
UNLOCK TABLES;

--
-- Table structure for table `supply_detail`
--

DROP TABLE IF EXISTS `supply_detail`;
/*!40101 SET @saved_cs_client     = @@character_set_client */;
/*!40101 SET character_set_client = utf8 */;
CREATE TABLE `supply_detail` (
  `Id` bigint(20) NOT NULL AUTO_INCREMENT,
  `idSupply` bigint(20) DEFAULT NULL,
  `idConcept` bigint(20) DEFAULT NULL,
  `Quantity` int(11) DEFAULT NULL,
  `Status` varchar(2) DEFAULT NULL,
  PRIMARY KEY (`Id`),
  KEY `FK_supply_detail_supply_idx` (`idSupply`),
  KEY `FK_supply_detail_concepts_idx` (`idConcept`),
  CONSTRAINT `FK_supply_detail_concepts` FOREIGN KEY (`idConcept`) REFERENCES `concepts` (`Id`) ON DELETE NO ACTION ON UPDATE NO ACTION,
  CONSTRAINT `FK_supply_detail_supply` FOREIGN KEY (`idSupply`) REFERENCES `supply` (`Id`) ON DELETE NO ACTION ON UPDATE NO ACTION
) ENGINE=InnoDB AUTO_INCREMENT=9 DEFAULT CHARSET=latin1 COLLATE=latin1_swedish_ci;
/*!40101 SET character_set_client = @saved_cs_client */;

--
-- Dumping data for table `supply_detail`
--

LOCK TABLES `supply_detail` WRITE;
/*!40000 ALTER TABLE `supply_detail` DISABLE KEYS */;
INSERT INTO `supply_detail` VALUES (1,1,7501003339522,2,'1'),(2,2,7501003339522,2,'1'),(3,3,2,10,'1'),(4,3,1,25,'1'),(5,6,2,10,'1'),(6,6,1,25,'1'),(7,7,2,10,'1'),(8,7,1,25,'1');
/*!40000 ALTER TABLE `supply_detail` ENABLE KEYS */;
UNLOCK TABLES;

--
-- Table structure for table `sysusers`
--

DROP TABLE IF EXISTS `sysusers`;
/*!40101 SET @saved_cs_client     = @@character_set_client */;
/*!40101 SET character_set_client = utf8 */;
CREATE TABLE `sysusers` (
  `Id` bigint(20) NOT NULL AUTO_INCREMENT COMMENT 'Identificador de los usuarios.',
  `IdPerson` bigint(20) NOT NULL COMMENT 'Identificador de la persona.',
  `User` varchar(50) NOT NULL COMMENT 'Usuario (Nickname).',
  `Password` varchar(255) NOT NULL COMMENT 'Contraseña del usuario.',
  `Type` int(11) DEFAULT NULL,
  `creationDate` datetime DEFAULT current_timestamp(),
  `Status` int(11) DEFAULT 1,
  PRIMARY KEY (`Id`),
  UNIQUE KEY `Id_UNIQUE` (`Id`),
  KEY `fk_users_persons1_idx` (`IdPerson`),
  CONSTRAINT `FK_sysusers_persons` FOREIGN KEY (`IdPerson`) REFERENCES `persons` (`Id`) ON DELETE NO ACTION ON UPDATE NO ACTION
) ENGINE=InnoDB AUTO_INCREMENT=11 DEFAULT CHARSET=utf8mb3 COLLATE=utf8mb3_general_ci COMMENT='Tabla de usuarios del sistema.';
/*!40101 SET character_set_client = @saved_cs_client */;

--
-- Dumping data for table `sysusers`
--

LOCK TABLES `sysusers` WRITE;
/*!40000 ALTER TABLE `sysusers` DISABLE KEYS */;
INSERT INTO `sysusers` VALUES (1,1,'admin','admin',0,NULL,1),(9,149,'main','main',1,'2023-03-08 17:32:47',1),(10,150,'admin','admin',1,'2023-03-08 17:58:46',1);
/*!40000 ALTER TABLE `sysusers` ENABLE KEYS */;
UNLOCK TABLES;

--
-- Table structure for table `sysusers_submodules_permissions`
--

DROP TABLE IF EXISTS `sysusers_submodules_permissions`;
/*!40101 SET @saved_cs_client     = @@character_set_client */;
/*!40101 SET character_set_client = utf8 */;
CREATE TABLE `sysusers_submodules_permissions` (
  `Id` bigint(20) NOT NULL AUTO_INCREMENT COMMENT 'Identificador de la relación',
  `IdSubmodule` bigint(20) NOT NULL COMMENT 'Identificador del submodulo',
  `IdUser` bigint(20) NOT NULL COMMENT 'Identificador del usuario',
  PRIMARY KEY (`Id`),
  KEY `fk_users_submodules_permissions_submodule1_idx` (`IdSubmodule`) USING BTREE,
  KEY `fk_users_submodules_permissions_users1_idx` (`IdUser`) USING BTREE,
  CONSTRAINT `sysusers_submodules_permissions_FK` FOREIGN KEY (`IdUser`) REFERENCES `sysusers` (`Id`),
  CONSTRAINT `sysusers_submodules_permissions_FK_1` FOREIGN KEY (`IdSubmodule`) REFERENCES `submodule` (`Id`)
) ENGINE=InnoDB AUTO_INCREMENT=291 DEFAULT CHARSET=utf8mb3 COLLATE=utf8mb3_general_ci COMMENT='Guarda el tipo de permiso que se va a aplicar por submodulo según el usuario indicado.';
/*!40101 SET character_set_client = @saved_cs_client */;

--
-- Dumping data for table `sysusers_submodules_permissions`
--

LOCK TABLES `sysusers_submodules_permissions` WRITE;
/*!40000 ALTER TABLE `sysusers_submodules_permissions` DISABLE KEYS */;
INSERT INTO `sysusers_submodules_permissions` VALUES (262,4,1),(263,5,1),(264,6,1),(265,48,1),(266,7,1),(267,8,1),(268,9,1),(269,49,1),(270,53,1),(271,10,1),(272,11,1),(273,12,1),(274,50,1),(275,13,1),(276,14,1),(277,15,1),(278,43,1),(279,51,1),(280,54,1),(281,16,1),(282,17,1),(283,18,1),(284,19,1),(285,20,1),(286,21,1),(287,29,1),(288,52,1),(289,22,1),(290,55,1);
/*!40000 ALTER TABLE `sysusers_submodules_permissions` ENABLE KEYS */;
UNLOCK TABLES;

--
-- Table structure for table `template`
--

DROP TABLE IF EXISTS `template`;
/*!40101 SET @saved_cs_client     = @@character_set_client */;
/*!40101 SET character_set_client = utf8 */;
CREATE TABLE `template` (
  `Id` int(11) NOT NULL AUTO_INCREMENT,
  `Code` varchar(100) DEFAULT NULL,
  `Html` text DEFAULT NULL,
  PRIMARY KEY (`Id`)
) ENGINE=InnoDB AUTO_INCREMENT=2 DEFAULT CHARSET=utf8mb3 COLLATE=utf8mb3_general_ci;
/*!40101 SET character_set_client = @saved_cs_client */;

--
-- Dumping data for table `template`
--

LOCK TABLES `template` WRITE;
/*!40000 ALTER TABLE `template` DISABLE KEYS */;
INSERT INTO `template` VALUES (1,'visitorNotification','<!DOCTYPE html>\r\n<html lang=\"en\" xmlns=\"http://www.w3.org/1999/xhtml\">\r\n\r\n<head>\r\n	<meta charset=\"utf-8\" />\r\n</head>\r\n\r\n<body style=\"font-family: Arial, Helvetica, sans-serif;\">\r\n	<table width=\"100%\" style=\"margin-top: 50px;\">\r\n		<tr>\r\n			<td style=\"font-size: 16px;\">\r\n				<b>Hello [NAME], you have a pending visit with [CUSTOMER] on [DATE] from the [COMPANY] company. On the day of the visit you must present the attached QR or the following code </b>\r\n			</td>\r\n		</tr>\r\n\r\n\r\n		<tr align=\"center\" style=\"margin-top: 10px;\">\r\n			<td >\r\n				<img src=\"cid:code\" width=\"60%\"/>\r\n			</td>\r\n		</tr>\r\n		<tr align=\"center\">\r\n			<td style=\"font-size: 18px;\">\r\n				<b>[CODESHORT]</b>\r\n			</td>\r\n		</tr>\r\n\r\n\r\n		<tr style=\"font-size: 16px;\">\r\n			<td align=\"center\">\r\n				<span>\r\n					<a href=\"https://pepinosbox.club:8082/api/Code/QR?code=[CODE]\" \r\n					style=\"text-decoration:underline; color:black; font-size: 16px;\" target=\"_blank\">Link QR</a>\r\n			</td>\r\n		</tr>\r\n\r\n\r\n        <tr style=\"font-size: 16px;\">\r\n            <td align=\"center\">\r\n\r\n              	<img  src=\"cid:logo\" width=\"100%\"/>\r\n            </td>\r\n        </tr>\r\n\r\n        <tr>\r\n            <td align=\"center\">\r\n                <span style=\"text-align: center;\">Ganaderos No. 5683 Colonia Arcos de Guadalupe, Zapopan Jalisco México</span>\r\n            </td>\r\n        </tr>\r\n\r\n\r\n        <tr style=\"font-size: 16px;\">\r\n            <td align=\"center\">\r\n                <span style=\"text-align: center;\"><a href=\"www.cdsautomatico.com\">www.cdsautomatico.com</a></span>\r\n            </td>\r\n        </tr>\r\n\r\n\r\n		<table>\r\n</body>\r\n</html>');
/*!40000 ALTER TABLE `template` ENABLE KEYS */;
UNLOCK TABLES;

--
-- Table structure for table `visitors`
--

DROP TABLE IF EXISTS `visitors`;
/*!40101 SET @saved_cs_client     = @@character_set_client */;
/*!40101 SET character_set_client = utf8 */;
CREATE TABLE `visitors` (
  `Id` bigint(20) NOT NULL AUTO_INCREMENT,
  `idCode` bigint(20) DEFAULT NULL,
  `idCompany` bigint(20) DEFAULT NULL COMMENT 'id de la compañia que visita',
  `idCustomer` bigint(20) DEFAULT NULL,
  `idPerson` bigint(20) DEFAULT NULL COMMENT 'Id de la persona visitante',
  `idSpot` bigint(20) DEFAULT NULL,
  `visitDate` datetime DEFAULT NULL,
  `Status` int(11) DEFAULT NULL,
  `enterAlone` tinyint(4) DEFAULT NULL,
  `creationDate` datetime DEFAULT NULL,
  `updateDate` datetime DEFAULT NULL,
  `updateCustomerId` bigint(20) DEFAULT NULL,
  PRIMARY KEY (`Id`),
  KEY `FK_visitors_codes_idx` (`idCode`),
  KEY `FK_visitors_companies_idx` (`idCompany`),
  KEY `FK_visitors_persons_idx` (`idPerson`),
  KEY `visitors_FK` (`idSpot`),
  CONSTRAINT `FK_visitors_codes` FOREIGN KEY (`idCode`) REFERENCES `codes` (`Id`) ON DELETE NO ACTION ON UPDATE NO ACTION,
  CONSTRAINT `FK_visitors_companies` FOREIGN KEY (`idCompany`) REFERENCES `companies` (`Id`) ON DELETE NO ACTION ON UPDATE NO ACTION,
  CONSTRAINT `FK_visitors_persons` FOREIGN KEY (`idPerson`) REFERENCES `persons` (`Id`) ON DELETE NO ACTION ON UPDATE NO ACTION,
  CONSTRAINT `visitors_FK` FOREIGN KEY (`idSpot`) REFERENCES `spots` (`Id`)
) ENGINE=InnoDB AUTO_INCREMENT=596 DEFAULT CHARSET=utf8mb3 COLLATE=utf8mb3_general_ci;
/*!40101 SET character_set_client = @saved_cs_client */;

--
-- Dumping data for table `visitors`
--

LOCK TABLES `visitors` WRITE;
/*!40000 ALTER TABLE `visitors` DISABLE KEYS */;
INSERT INTO `visitors` VALUES (539,572,14,7,572,122,'2023-04-25 08:44:12',1,1,'2023-04-13 21:06:30',NULL,7),(540,573,14,7,573,122,'2023-04-25 08:44:12',1,1,'2023-04-13 21:14:22',NULL,7),(541,575,14,7,574,122,'2023-04-25 08:44:12',1,1,'2023-04-13 21:20:09',NULL,7),(542,576,14,7,575,122,'2023-04-25 08:44:12',1,1,'2023-04-13 21:26:01',NULL,7),(543,577,14,7,576,122,'2023-04-25 08:44:12',1,1,'2023-04-13 21:26:49',NULL,7),(544,578,14,7,577,122,'2023-04-25 08:44:12',1,1,'2023-04-13 21:31:51',NULL,7),(545,579,14,7,578,122,'2023-04-25 08:44:12',1,1,'2023-04-13 21:37:26',NULL,7),(546,580,14,7,579,122,'2023-04-25 08:44:12',1,1,'2023-04-13 21:40:29',NULL,7),(547,581,14,7,580,122,'2023-04-25 08:44:12',1,1,'2023-04-13 21:42:37',NULL,7),(548,582,14,7,581,122,'2023-04-25 08:44:12',1,1,'2023-04-13 21:57:06',NULL,7),(549,583,14,7,582,122,'2023-04-25 08:44:12',1,1,'2023-04-13 22:03:59',NULL,7),(550,584,14,7,583,122,'2023-04-25 08:44:12',1,1,'2023-04-13 22:21:19',NULL,7),(551,585,14,7,584,122,'2023-04-25 08:44:12',1,1,'2023-04-13 22:23:39',NULL,7),(552,586,14,7,585,122,'2023-04-25 08:44:12',1,1,'2023-04-13 22:32:31',NULL,7),(553,587,14,7,586,122,'2023-04-25 08:44:12',1,1,'2023-04-13 22:33:55',NULL,7),(554,588,14,7,587,122,'2023-04-25 08:44:12',1,1,'2023-04-13 22:36:36',NULL,7),(555,589,14,7,588,122,'2023-04-25 08:44:12',1,1,'2023-04-13 22:39:17',NULL,7),(556,590,14,7,589,122,'2023-04-25 08:44:12',1,1,'2023-04-13 22:42:16',NULL,7),(557,591,14,7,590,122,'2023-04-25 08:44:12',1,1,'2023-04-13 22:47:54',NULL,7),(558,592,14,7,591,122,'2023-04-25 08:44:12',1,1,'2023-04-13 22:49:50',NULL,7),(559,593,14,7,592,122,'2023-04-25 08:44:12',1,1,'2023-04-13 22:55:39',NULL,7),(560,594,14,7,593,122,'2023-04-14 12:00:00',1,0,'2023-04-13 23:02:33',NULL,7),(561,595,14,7,594,122,'2023-04-14 12:00:00',1,0,'2023-04-13 23:27:56',NULL,7),(562,596,14,7,595,122,'2023-04-17 12:00:00',1,0,'2023-04-14 14:19:50',NULL,7),(563,597,14,7,596,122,'2023-04-17 12:00:00',1,1,'2023-04-14 14:34:34',NULL,7),(564,598,14,7,597,122,'2023-04-17 12:00:00',1,0,'2023-04-14 14:35:05',NULL,7),(565,599,14,7,598,122,'2023-04-17 12:00:00',1,0,'2023-04-14 14:46:28',NULL,7),(566,600,14,7,599,122,'2023-04-17 12:00:00',1,0,'2023-04-14 14:49:50',NULL,7),(567,601,14,7,600,122,'2023-04-17 12:00:00',1,1,'2023-04-14 14:54:28',NULL,7),(568,602,14,7,601,122,'2023-04-17 12:00:00',1,0,'2023-04-14 14:56:10',NULL,7),(569,603,14,7,602,122,'2023-04-17 13:00:00',1,0,'2023-04-14 15:30:28',NULL,7),(570,604,14,7,603,122,'2023-04-17 13:00:00',1,0,'2023-04-14 15:31:00',NULL,7),(571,605,14,7,604,122,'2023-04-17 12:00:00',1,0,'2023-04-14 15:31:48',NULL,7),(572,606,14,7,605,122,'2023-04-18 09:35:00',1,0,'2023-04-14 15:36:26',NULL,7),(573,607,14,7,606,122,'2023-04-18 12:01:00',1,0,'2023-04-14 17:47:42',NULL,7),(574,608,14,NULL,607,122,'2023-04-26 11:55:00',0,0,'2023-04-14 17:56:37','2023-04-20 23:24:05',7),(575,609,14,7,608,122,'2023-04-19 12:00:00',1,1,'2023-04-17 17:33:28',NULL,7),(576,610,14,7,609,122,'2023-04-21 12:00:00',1,1,'2023-04-19 19:10:41',NULL,7),(577,611,14,7,610,122,'2023-04-19 15:50:00',1,0,'2023-04-19 21:45:02',NULL,7),(578,612,14,7,611,122,'2023-04-25 22:00:00',1,0,'2023-04-19 23:34:28',NULL,7),(579,613,14,7,612,122,'2023-04-20 08:46:00',1,0,'2023-04-20 14:46:31',NULL,7),(580,614,14,7,613,122,'2023-04-21 11:19:00',1,0,'2023-04-20 16:20:28',NULL,7),(581,615,14,7,614,122,'2023-04-21 12:00:00',1,0,'2023-04-20 18:06:55',NULL,7),(582,616,14,7,615,122,'2023-04-21 00:00:00',1,0,'2023-04-20 18:53:24',NULL,7),(583,617,14,7,616,122,'2023-04-21 12:00:00',1,0,'2023-04-20 22:01:36',NULL,7),(584,618,14,7,617,122,'2023-04-21 00:00:00',1,0,'2023-04-20 22:05:15',NULL,7),(585,619,14,7,618,122,'2023-04-21 12:01:00',1,0,'2023-04-20 22:11:39',NULL,7),(586,620,14,NULL,619,122,'2023-04-28 16:19:00',0,0,'2023-04-20 22:20:00','2023-04-20 23:24:07',7),(587,621,14,NULL,620,122,'2023-04-29 16:21:00',0,0,'2023-04-20 22:21:30','2023-04-20 23:24:23',7),(588,622,14,NULL,621,122,'2023-04-28 16:38:00',0,0,'2023-04-20 22:39:22','2023-04-20 23:24:26',7),(589,623,14,NULL,622,122,'2023-04-29 16:41:00',0,0,'2023-04-20 22:41:36','2023-04-20 23:24:29',7),(590,624,14,7,623,122,'2023-04-20 18:00:00',1,0,'2023-04-20 23:32:25',NULL,7),(591,625,14,7,624,122,'2023-04-20 17:45:00',1,0,'2023-04-20 23:35:10',NULL,7),(592,626,14,7,625,122,'2023-04-21 12:00:00',1,0,'2023-04-21 14:11:42',NULL,7),(593,627,14,NULL,626,122,'2023-04-27 09:20:00',2,0,'2023-04-21 15:20:39',NULL,7),(594,628,14,NULL,627,122,'2023-04-27 09:27:00',2,0,'2023-04-21 15:27:39',NULL,7),(595,629,14,NULL,628,122,'2023-04-29 11:47:00',2,0,'2023-04-21 17:48:08',NULL,7);
/*!40000 ALTER TABLE `visitors` ENABLE KEYS */;
UNLOCK TABLES;

--
-- Table structure for table `visitors_schedule`
--

DROP TABLE IF EXISTS `visitors_schedule`;
/*!40101 SET @saved_cs_client     = @@character_set_client */;
/*!40101 SET character_set_client = utf8 */;
CREATE TABLE `visitors_schedule` (
  `Id` bigint(20) NOT NULL AUTO_INCREMENT,
  `IdVisitor` bigint(20) DEFAULT NULL,
  `IdGateway` bigint(20) DEFAULT NULL,
  `Days` varchar(7) DEFAULT NULL,
  `startDate` datetime DEFAULT NULL,
  `endDate` datetime DEFAULT NULL,
  `Status` int(11) DEFAULT 1,
  PRIMARY KEY (`Id`),
  KEY `FK_visitors_schedule_gateways_idx` (`IdGateway`),
  KEY `FK_visitors_schedule_visitors_idx` (`IdVisitor`),
  KEY `FK_visitors_schedule_visitors__idx` (`IdVisitor`),
  CONSTRAINT `FK_visitors_schedule_gateways` FOREIGN KEY (`IdGateway`) REFERENCES `gateways` (`Id`) ON DELETE NO ACTION ON UPDATE NO ACTION,
  CONSTRAINT `visitors_schedule_vistor_FK` FOREIGN KEY (`IdVisitor`) REFERENCES `visitors` (`Id`)
) ENGINE=InnoDB AUTO_INCREMENT=778 DEFAULT CHARSET=latin1 COLLATE=latin1_swedish_ci;
/*!40101 SET character_set_client = @saved_cs_client */;

--
-- Dumping data for table `visitors_schedule`
--

LOCK TABLES `visitors_schedule` WRITE;
/*!40000 ALTER TABLE `visitors_schedule` DISABLE KEYS */;
INSERT INTO `visitors_schedule` VALUES (721,539,8,'4','2023-04-25 08:44:12','2023-04-25 12:44:12',1),(722,540,8,'4','2023-04-25 08:44:12','2023-04-25 12:44:12',1),(723,541,8,'4','2023-04-25 08:44:12','2023-04-25 12:44:12',1),(724,542,8,'4','2023-04-25 08:44:12','2023-04-25 12:44:12',1),(725,543,8,'4','2023-04-25 08:44:12','2023-04-25 12:44:12',1),(726,544,8,'4','2023-04-25 08:44:12','2023-04-25 12:44:12',1),(727,545,8,'4','2023-04-25 08:44:12','2023-04-25 12:44:12',1),(728,546,8,'4','2023-04-25 08:44:12','2023-04-25 12:44:12',1),(729,547,8,'4','2023-04-25 08:44:12','2023-04-25 12:44:12',1),(730,548,8,'4','2023-04-25 08:44:12','2023-04-25 12:44:12',1),(731,549,8,'4','2023-04-25 08:44:12','2023-04-25 12:44:12',1),(732,550,8,'4','2023-04-25 08:44:12','2023-04-25 12:44:12',1),(733,551,8,'4','2023-04-25 08:44:12','2023-04-25 12:44:12',1),(734,552,8,'4','2023-04-25 08:44:12','2023-04-25 12:44:12',1),(735,553,8,'4','2023-04-25 08:44:12','2023-04-25 12:44:12',1),(736,554,8,'4','2023-04-25 08:44:12','2023-04-25 12:44:12',1),(737,555,8,'4','2023-04-25 08:44:12','2023-04-25 12:44:12',1),(738,556,8,'4','2023-04-25 08:44:12','2023-04-25 12:44:12',1),(739,557,8,'4','2023-04-25 08:44:12','2023-04-25 12:44:12',1),(740,558,8,'4','2023-04-25 08:44:12','2023-04-25 12:44:12',1),(741,559,8,'4','2023-04-25 08:44:12','2023-04-25 12:44:12',1),(742,560,8,'5','2023-04-14 12:00:00','2023-04-14 13:00:00',1),(743,561,8,'5','2023-04-14 12:00:00','2023-04-14 12:30:00',1),(744,562,8,'1','2023-04-17 12:00:00','2023-04-17 12:30:00',1),(745,563,8,'1','2023-04-17 12:00:00','2023-04-17 12:30:00',1),(746,564,8,'1','2023-04-17 12:00:00','2023-04-17 12:30:00',1),(747,565,8,'1','2023-04-17 12:00:00','2023-04-17 12:30:00',1),(748,566,8,'1','2023-04-17 12:00:00','2023-04-17 12:30:00',1),(749,567,8,'1','2023-04-17 12:00:00','2023-04-17 12:30:00',1),(750,568,8,'1','2023-04-17 12:00:00','2023-04-17 12:15:00',1),(751,569,8,'1','2023-04-17 13:00:00','2023-04-17 13:15:00',1),(752,570,8,'1','2023-04-17 13:00:00','2023-04-17 13:30:00',1),(753,571,8,'1','2023-04-17 12:00:00','2023-04-17 12:15:00',1),(754,572,8,'2','2023-04-18 09:35:00','2023-04-18 09:50:00',1),(755,573,8,'2','2023-04-18 12:01:00','2023-04-18 12:16:00',1),(756,574,8,'0','2023-04-26 12:55:00','2023-04-26 13:10:00',1),(757,575,8,'3','2023-04-19 12:00:00','2023-04-19 12:30:00',1),(758,576,8,'5','2023-04-21 12:00:00','2023-04-21 13:00:00',1),(759,577,8,'3','2023-04-19 15:50:00','2023-04-19 16:50:00',1),(760,578,8,'2','2023-04-25 22:00:00','2023-04-25 22:15:00',1),(761,579,8,'4','2023-04-20 08:46:00','2023-04-20 10:46:00',1),(762,580,8,'5','2023-04-21 11:19:00','2023-04-21 11:34:00',1),(763,581,8,'5','2023-04-21 12:00:00','2023-04-21 12:15:00',1),(764,582,8,'5','2023-04-21 00:00:00','2023-04-21 00:15:00',1),(765,583,8,'5','2023-04-21 12:00:00','2023-04-21 12:15:00',1),(766,584,8,'5','2023-04-21 00:00:00','2023-04-21 00:15:00',1),(767,585,8,'5','2023-04-21 12:01:00','2023-04-21 12:16:00',1),(768,586,8,'2','2023-04-28 17:19:00','2023-04-28 18:34:00',1),(769,587,8,'3','2023-04-29 17:21:00','2023-04-29 18:36:00',1),(770,588,8,'2','2023-04-28 17:38:00','2023-04-28 18:53:00',1),(771,589,8,'3','2023-04-29 17:41:00','2023-04-29 18:56:00',1),(772,590,8,'4','2023-04-20 18:00:00','2023-04-20 18:15:00',1),(773,591,8,'4','2023-04-20 17:45:00','2023-04-20 18:00:00',1),(774,592,8,'5','2023-04-21 12:00:00','2023-04-21 12:15:00',1),(775,593,8,'1','2023-04-27 10:20:00','2023-04-27 11:35:00',1),(776,594,8,'1','2023-04-27 10:27:00','2023-04-27 11:42:00',1),(777,595,8,'3','2023-04-29 12:47:00','2023-04-29 14:02:00',1);
/*!40000 ALTER TABLE `visitors_schedule` ENABLE KEYS */;
UNLOCK TABLES;

--
-- Temporary table structure for view `vw_reservationschedules`
--

DROP TABLE IF EXISTS `vw_reservationschedules`;
/*!50001 DROP VIEW IF EXISTS `vw_reservationschedules`*/;
SET @saved_cs_client     = @@character_set_client;
SET character_set_client = utf8;
/*!50001 CREATE VIEW `vw_reservationschedules` AS SELECT
 1 AS `idSpot`,
  1 AS `idCustomer`,
  1 AS `rStatus`,
  1 AS `idReservation`,
  1 AS `schDate`,
  1 AS `startTime`,
  1 AS `endTime`,
  1 AS `rsStatus` */;
SET character_set_client = @saved_cs_client;

--
-- Table structure for table `wallet`
--

DROP TABLE IF EXISTS `wallet`;
/*!40101 SET @saved_cs_client     = @@character_set_client */;
/*!40101 SET character_set_client = utf8 */;
CREATE TABLE `wallet` (
  `id` bigint(20) NOT NULL AUTO_INCREMENT,
  `Id_company` bigint(20) DEFAULT NULL,
  `name` varchar(25) DEFAULT NULL,
  `start_date` datetime DEFAULT NULL COMMENT 'Fecha en que se puede usar el monedero',
  `end_date` datetime DEFAULT NULL COMMENT 'fecha de caducidad del monedero',
  `contract_date` datetime DEFAULT NULL COMMENT 'Fecha de contratacion',
  `cancelation_date` datetime DEFAULT NULL COMMENT 'Fecha en que se cancelo',
  `current_amount` decimal(9,2) DEFAULT 0.00 COMMENT 'campo de monto actual',
  `comment` varchar(512) DEFAULT NULL COMMENT 'comentarios generales',
  `status` int(11) DEFAULT NULL COMMENT '0 = No se puede usar\\n1 = Activo\\n',
  PRIMARY KEY (`id`),
  KEY `fk_wallet_companies_idx` (`Id_company`),
  CONSTRAINT `fk_wallet_companies` FOREIGN KEY (`Id_company`) REFERENCES `companies` (`Id`) ON DELETE NO ACTION ON UPDATE NO ACTION
) ENGINE=InnoDB AUTO_INCREMENT=3 DEFAULT CHARSET=utf8mb3 COLLATE=utf8mb3_general_ci COMMENT='Tabla del monedero electronico';
/*!40101 SET character_set_client = @saved_cs_client */;

--
-- Dumping data for table `wallet`
--

LOCK TABLES `wallet` WRITE;
/*!40000 ALTER TABLE `wallet` DISABLE KEYS */;
INSERT INTO `wallet` VALUES (1,14,'-8585166582687708243','2023-05-24 17:16:56','2033-05-24 17:16:56',NULL,NULL,-240.00,'',1),(2,15,'-8585162067201832408','2023-05-29 22:42:45','2033-05-29 22:42:45',NULL,NULL,0.00,'',1);
/*!40000 ALTER TABLE `wallet` ENABLE KEYS */;
UNLOCK TABLES;

--
-- Table structure for table `wallet_codes`
--

DROP TABLE IF EXISTS `wallet_codes`;
/*!40101 SET @saved_cs_client     = @@character_set_client */;
/*!40101 SET character_set_client = utf8 */;
CREATE TABLE `wallet_codes` (
  `id` bigint(20) NOT NULL AUTO_INCREMENT,
  `Id_code` bigint(20) DEFAULT NULL COMMENT 'Son las placas del vehículo',
  `id_wallet` bigint(20) DEFAULT NULL,
  `comment` varchar(512) DEFAULT NULL,
  PRIMARY KEY (`id`),
  UNIQUE KEY `id_UNIQUE` (`id`),
  KEY `fk_wallet_codes_wallet_idx` (`id_wallet`),
  KEY `fk_wallet_codes_codes_idx` (`Id_code`),
  CONSTRAINT `fk_wallet_codes_codes` FOREIGN KEY (`Id_code`) REFERENCES `codes` (`Id`) ON DELETE NO ACTION ON UPDATE NO ACTION,
  CONSTRAINT `fk_wallet_codes_wallet` FOREIGN KEY (`id_wallet`) REFERENCES `wallet` (`id`) ON DELETE NO ACTION ON UPDATE NO ACTION
) ENGINE=InnoDB DEFAULT CHARSET=utf8mb3 COLLATE=utf8mb3_general_ci COMMENT='Tabla de enlace para los codigos que puedan estar enlazados con el mismo';
/*!40101 SET character_set_client = @saved_cs_client */;

--
-- Dumping data for table `wallet_codes`
--

LOCK TABLES `wallet_codes` WRITE;
/*!40000 ALTER TABLE `wallet_codes` DISABLE KEYS */;
/*!40000 ALTER TABLE `wallet_codes` ENABLE KEYS */;
UNLOCK TABLES;

--
-- Table structure for table `wallet_sales`
--

DROP TABLE IF EXISTS `wallet_sales`;
/*!40101 SET @saved_cs_client     = @@character_set_client */;
/*!40101 SET character_set_client = utf8 */;
CREATE TABLE `wallet_sales` (
  `id` bigint(20) NOT NULL AUTO_INCREMENT,
  `id_wallet` bigint(20) NOT NULL,
  `id_sales` bigint(20) NOT NULL,
  `comment` varchar(512) DEFAULT NULL,
  `date` datetime NOT NULL,
  `status` int(11) DEFAULT NULL,
  PRIMARY KEY (`id`),
  KEY `fk_wallet_movements_wallet_idx` (`id_wallet`),
  KEY `fk_wallet_movements_amounts_idx` (`id_sales`),
  CONSTRAINT `wallet_sales_FK` FOREIGN KEY (`id_wallet`) REFERENCES `wallet` (`id`),
  CONSTRAINT `wallet_sales_FK_1` FOREIGN KEY (`id_sales`) REFERENCES `sales` (`Id`)
) ENGINE=InnoDB AUTO_INCREMENT=7 DEFAULT CHARSET=utf8mb3 COLLATE=utf8mb3_general_ci COMMENT='Tabla de relacion de eventos de abono con el monedero';
/*!40101 SET character_set_client = @saved_cs_client */;

--
-- Dumping data for table `wallet_sales`
--

LOCK TABLES `wallet_sales` WRITE;
/*!40000 ALTER TABLE `wallet_sales` DISABLE KEYS */;
INSERT INTO `wallet_sales` VALUES (2,1,7,NULL,'2023-06-01 19:44:44',1),(3,1,8,NULL,'2023-06-01 19:45:00',1),(4,1,9,NULL,'2023-06-02 22:31:06',1),(5,1,10,NULL,'2023-06-26 17:11:19',1),(6,1,11,NULL,'2023-06-26 17:13:10',1);
/*!40000 ALTER TABLE `wallet_sales` ENABLE KEYS */;
UNLOCK TABLES;

--
-- Final view structure for view `vw_reservationschedules`
--

/*!50001 DROP VIEW IF EXISTS `vw_reservationschedules`*/;
/*!50001 SET @saved_cs_client          = @@character_set_client */;
/*!50001 SET @saved_cs_results         = @@character_set_results */;
/*!50001 SET @saved_col_connection     = @@collation_connection */;
/*!50001 SET character_set_client      = utf8mb4 */;
/*!50001 SET character_set_results     = utf8mb4 */;
/*!50001 SET collation_connection      = utf8mb4_general_ci */;
/*!50001 CREATE ALGORITHM=UNDEFINED */
/*!50013 DEFINER=`root`@`%` SQL SECURITY DEFINER */
/*!50001 VIEW `vw_reservationschedules` AS select `r`.`IdSpot` AS `idSpot`,`r`.`IdCustomer` AS `idCustomer`,`r`.`Status` AS `rStatus`,`rs`.`IdReservation` AS `idReservation`,`rs`.`schDate` AS `schDate`,`rs`.`startTime` AS `startTime`,`rs`.`endTime` AS `endTime`,`rs`.`Status` AS `rsStatus` from (`reservations` `r` join `reservations_schedule` `rs` on(`r`.`Id` = `rs`.`IdReservation`)) */;
/*!50001 SET character_set_client      = @saved_cs_client */;
/*!50001 SET character_set_results     = @saved_cs_results */;
/*!50001 SET collation_connection      = @saved_col_connection */;
/*!40103 SET TIME_ZONE=@OLD_TIME_ZONE */;

/*!40101 SET SQL_MODE=@OLD_SQL_MODE */;
/*!40014 SET FOREIGN_KEY_CHECKS=@OLD_FOREIGN_KEY_CHECKS */;
/*!40014 SET UNIQUE_CHECKS=@OLD_UNIQUE_CHECKS */;
/*!40101 SET CHARACTER_SET_CLIENT=@OLD_CHARACTER_SET_CLIENT */;
/*!40101 SET CHARACTER_SET_RESULTS=@OLD_CHARACTER_SET_RESULTS */;
/*!40101 SET COLLATION_CONNECTION=@OLD_COLLATION_CONNECTION */;
/*!40111 SET SQL_NOTES=@OLD_SQL_NOTES */;

-- Dump completed on 2023-08-16 17:35:01
